"trip_id","transport_type","origin_station","destination_station","actual_arrival_delay_min","weather_condition","temperature_C","humidity_percent","wind_speed_kmh","precipitation_mm","event_type","peak_hour","is_late"
"T00000","Tram","Station_31","Station_6",8,"Storm",7.79,54.2,36.93,29.96,"No Event",0,TRUE
"T00001","Metro","Station_49","Station_32",1,"Rain",21.15,54.27,22.47,4.84,"No Event",0,FALSE
"T00002","Bus","Station_29","Station_42",21,"Clear",31.34,52.77,20.41,1.79,"Sports",0,TRUE
"T00003","Tram","Station_26","Station_18",3,"Clear",26.19,52.92,5.59,1.64,"No Event",0,FALSE
"T00004","Tram","Station_18","Station_15",3,"Snow",1.66,NA,20.55,14.8,"No Event",0,FALSE
"T00005","Metro","Station_32","Station_40",4,"Rain",17.17,52.57,20.3,5.69,"Protest",0,FALSE
"T00006","Bus","Station_22","Station_32",24,"Storm",15.5,59.67,49.67,28.17,"Parade",0,TRUE
"T00007","Bus","Station_38","Station_9",7,"Clear",16.76,63,13.48,1.79,"No Event",0,TRUE
"T00008","Tram","Station_17","Station_37",10,"Clear",18.91,NA,14.81,1.94,"Concert",0,TRUE
"T00009","Train","Station_23","Station_10",-5,"Fog",22.57,56.33,23.68,1.44,"No Event",0,FALSE
"T00010","Tram","Station_24","Station_20",7,"Snow",3.42,57.88,21.5,14.74,"No Event",0,TRUE
"T00011","Tram","Station_50","Station_6",-3,"Cloudy",7.2,50.47,18.93,2.08,"No Event",0,FALSE
"T00012","Tram","Station_8","Station_48",13,"Clear",29.83,NA,15.23,1.45,"Parade",1,TRUE
"T00013","Tram","Station_41","Station_3",19,"Storm",13.25,55.61,44.35,28.53,"No Event",1,TRUE
"T00014","Metro","Station_6","Station_42",19,"Storm",2.4,44.97,48.23,21.77,"No Event",1,TRUE
"T00015","Bus","Station_5","Station_11",-13,"Fog",25.29,49.49,12.57,1.75,"No Event",1,FALSE
"T00016","Metro","Station_44","Station_43",14,"Storm",10.13,45.75,48.06,29.35,"Festival",0,TRUE
"T00017","Metro","Station_29","Station_17",0,"Fog",24.61,NA,9.19,2.64,"No Event",0,FALSE
"T00018","Metro","Station_28","Station_32",-3,"Clear",23.96,55.26,11.85,1.95,"No Event",0,FALSE
"T00019","Tram","Station_11","Station_4",20,"Clear",26.3,44.22,10.52,1.5,"Festival",0,TRUE
"T00020","Train","Station_1","Station_4",10,"Clear",19.99,55.6,20.62,2.16,"Concert",0,TRUE
"T00021","Bus","Station_43","Station_17",-7,"Clear",21.9,52.1,16.11,1.77,"No Event",0,FALSE
"T00022","Train","Station_19","Station_41",1,"Cloudy",21.5,57.47,13.92,2.02,"No Event",0,FALSE
"T00023","Metro","Station_9","Station_19",23,"Snow",7.64,46.97,12.89,14.88,"Festival",0,TRUE
"T00024","Metro","Station_27","Station_5",19,"Snow",7.64,40.41,7.09,17.09,"Festival",0,TRUE
"T00025","Train","Station_34","Station_32",-3,"Cloudy",23.72,55.98,5.95,2.36,"No Event",0,FALSE
"T00026","Train","Station_44","Station_22",-6,"Clear",22.41,44.85,22.01,1.66,"No Event",0,FALSE
"T00027","Train","Station_4","Station_6",18,"Storm",17.51,48.18,40.08,28.52,"No Event",0,TRUE
"T00028","Metro","Station_36","Station_35",1,"Fog",NA,63.49,20.47,2.37,"No Event",0,FALSE
"T00029","Metro","Station_18","Station_22",11,"Snow",-1.76,48.99,17.49,15.9,"Sports",0,TRUE
"T00030","Bus","Station_15","Station_1",13,"Rain",26.14,63.82,20,10.36,"No Event",0,TRUE
"T00031","Bus","Station_13","Station_20",-5,"Fog",28.31,56.88,14.99,1.67,"Sports",0,FALSE
"T00032","Metro","Station_19","Station_22",3,"Rain",24.32,55.63,22.11,11.53,"Concert",0,FALSE
"T00033","Train","Station_49","Station_48",5,"Rain",13.78,51.97,14.55,7.29,"Sports",0,TRUE
"T00034","Train","Station_6","Station_11",8,"Clear",23.86,54.72,11.85,1.71,"Festival",0,TRUE
"T00035","Bus","Station_48","Station_13",28,"Rain",26.71,54.01,7.82,6.05,"No Event",0,TRUE
"T00036","Metro","Station_12","Station_42",-20,"Clear",22.41,57.05,18.42,1.86,"No Event",0,FALSE
"T00037","Bus","Station_37","Station_3",1,"Cloudy",23.67,47.34,21.13,2.1,"Concert",0,FALSE
"T00038","Bus","Station_17","Station_9",19,"Storm",3,49.45,38.11,19.08,"Protest",0,TRUE
"T00039","Tram","Station_23","Station_12",3,"Rain",20.4,46.44,9.43,10.96,"No Event",0,FALSE
"T00040","Tram","Station_26","Station_23",8,"Storm",16.26,53.23,37.79,29.38,"Protest",0,TRUE
"T00041","Tram","Station_29","Station_14",5,"Clear",20.33,51.78,NA,1.86,"No Event",0,TRUE
"T00042","Train","Station_33","Station_33",2,"Rain",23.55,51.61,14.05,7.1,"No Event",0,FALSE
"T00043","Metro","Station_27","Station_18",-4,"Fog",26.51,54.91,16.36,1.67,"No Event",0,FALSE
"T00044","Metro","Station_25","Station_49",7,"Cloudy",16.77,58.94,8.32,1.85,"Parade",0,TRUE
"T00045","Metro","Station_10","Station_41",10,"Snow",-5.08,52.44,3.85,NA,"No Event",0,TRUE
"T00046","Metro","Station_47","Station_9",-2,"Cloudy",22.65,53.58,18.21,1.4,"No Event",0,FALSE
"T00047","Tram","Station_23","Station_23",18,"Rain",13.55,58.05,15.3,10.41,"Parade",0,TRUE
"T00048","Train","Station_21","Station_10",1,"Cloudy",28.46,49.59,20.46,2.67,"Sports",0,FALSE
"T00049","Train","Station_21","Station_19",10,"Snow",15.85,47.94,19,15.74,"Protest",0,TRUE
"T00050","Tram","Station_43","Station_47",1,"Fog",26.83,54.67,9.34,1.04,"No Event",0,FALSE
"T00051","Train","Station_13","Station_5",13,"Storm",5.54,45.71,45.1,17.23,"No Event",0,TRUE
"T00052","Tram","Station_37","Station_47",4,"Fog",32.59,53.8,26.08,2.38,"No Event",1,FALSE
"T00053","Metro","Station_33","Station_23",1,"Cloudy",26.72,58.66,16.19,1.59,"Sports",1,FALSE
"T00054","Tram","Station_24","Station_30",16,"Snow",6.97,44.18,11.23,15.15,"Concert",1,TRUE
"T00055","Metro","Station_44","Station_25",20,"Storm",21.63,59.73,45.85,16.35,"Concert",1,TRUE
"T00056","Metro","Station_11","Station_28",18,"Snow",8.51,55.85,23.45,13.14,"Sports",0,TRUE
"T00057","Bus","Station_17","Station_34",-6,"Fog",22.1,49.28,17.48,1.41,"No Event",0,FALSE
"T00058","Tram","Station_4","Station_45",13,"Clear",29,53.5,12.67,1.55,"Concert",0,TRUE
"T00059","Bus","Station_47","Station_48",10,"Clear",32.49,54.5,16.66,1.66,"No Event",0,TRUE
"T00060","Tram","Station_25","Station_47",8,"Storm",14.01,50.5,44.25,16.24,"No Event",0,TRUE
"T00061","Tram","Station_30","Station_25",14,"Storm",15.43,52.62,50.2,17.02,"No Event",0,TRUE
"T00062","Bus","Station_9","Station_10",41,"Storm",5.6,48.93,40.53,15.09,"Sports",0,TRUE
"T00063","Bus","Station_21","Station_14",13,"Clear",25.02,52.37,20.51,2.34,"Festival",0,TRUE
"T00064","Tram","Station_20","Station_42",-6,"Fog",32.85,57.29,11.29,2.41,"No Event",0,FALSE
"T00065","Train","Station_19","Station_46",14,"Storm",12.43,61.55,43.94,35.36,"No Event",0,TRUE
"T00066","Metro","Station_19","Station_30",1,"Clear",20.88,50.94,12.28,2.13,"No Event",0,FALSE
"T00067","Bus","Station_12","Station_41",-2,"Storm",6.24,45.08,44.15,23.05,"Festival",0,FALSE
"T00068","Metro","Station_37","Station_25",7,"Storm",14.76,50.93,55.38,30.85,"Concert",0,TRUE
"T00069","Train","Station_42","Station_14",18,"Snow",-2.53,50.88,4.8,15.24,"Parade",0,TRUE
"T00070","Train","Station_17","Station_35",12,"Storm",6.81,46.51,46.99,33.25,"Festival",0,TRUE
"T00071","Train","Station_37","Station_48",-2,"Clear",25.61,53.08,9.57,1.67,"No Event",0,FALSE
"T00072","Bus","Station_48","Station_34",-6,"Fog",28.32,59.26,12.36,2.13,"No Event",0,FALSE
"T00073","Train","Station_39","Station_10",-3,"Clear",24.99,59.42,14.64,1.53,"No Event",0,FALSE
"T00074","Bus","Station_28","Station_35",9,"Clear",28.32,59.03,8.6,2.26,"No Event",0,TRUE
"T00075","Train","Station_41","Station_11",15,"Storm",14.96,52.11,44.2,28.88,"No Event",0,TRUE
"T00076","Metro","Station_35","Station_11",-3,"Snow",-9.67,49.13,14.01,17.09,"No Event",0,FALSE
"T00077","Metro","Station_47","Station_21",10,"Rain",18.99,36.32,10.78,8.96,"Concert",0,TRUE
"T00078","Tram","Station_48","Station_21",4,"Rain",11.92,NA,18.17,7.9,"No Event",0,FALSE
"T00079","Metro","Station_18","Station_22",8,"Rain",36.21,52.31,11.53,15.56,"No Event",0,TRUE
"T00080","Tram","Station_14","Station_45",-3,"Clear",19.18,50.62,8.3,2.05,"No Event",0,FALSE
"T00081","Metro","Station_35","Station_7",5,"Storm",-4.22,52.22,50.7,14.3,"No Event",0,TRUE
"T00082","Bus","Station_44","Station_17",11,"Rain",19.66,59.13,10.83,7.5,"Sports",0,TRUE
"T00083","Metro","Station_41","Station_2",5,"Cloudy",20.25,54.27,18.5,1.83,"Sports",0,TRUE
"T00084","Tram","Station_7","Station_12",-9,"Cloudy",20.44,62.33,11.2,1.47,"No Event",0,FALSE
"T00085","Tram","Station_41","Station_42",4,"Cloudy",20.33,58.34,14.32,2.11,"Concert",0,FALSE
"T00086","Train","Station_13","Station_18",-7,"Fog",27.52,60.35,8.14,2.24,"No Event",0,FALSE
"T00087","Bus","Station_18","Station_11",11,"Storm",20.32,NA,52.5,17.92,"No Event",0,TRUE
"T00088","Metro","Station_37","Station_16",-5,"Clear",29.9,63.16,19.04,2.07,"No Event",0,FALSE
"T00089","Train","Station_13","Station_49",4,"Clear",21.9,54.7,15.89,1.96,"Parade",0,FALSE
"T00090","Metro","Station_36","Station_18",13,"Storm",7.29,54.61,44.12,13.04,"No Event",0,TRUE
"T00091","Metro","Station_31","Station_35",10,"Snow",17.21,55.64,12.33,14.11,"No Event",0,TRUE
"T00092","Train","Station_2","Station_26",-4,"Snow",14.47,52,13.86,13.99,"Protest",0,FALSE
"T00093","Train","Station_16","Station_16",-3,"Fog",24.3,50.69,21.64,1.57,"No Event",0,FALSE
"T00094","Train","Station_9","Station_6",17,"Storm",13.3,50.18,37.31,24.01,"No Event",0,TRUE
"T00095","Train","Station_9","Station_44",22,"Snow",2.97,50.16,17.71,14.14,"Festival",0,TRUE
"T00096","Train","Station_38","Station_43",-4,"Fog",22.12,62.67,10.3,NA,"No Event",0,FALSE
"T00097","Metro","Station_11","Station_47",18,"Rain",20.23,51.21,16.02,5.94,"Concert",0,TRUE
"T00098","Train","Station_22","Station_47",9,"Rain",22.3,56.38,19.48,8.54,"Sports",0,TRUE
"T00099","Bus","Station_33","Station_48",21,"Fog",15.87,47.68,5.65,2.35,"Sports",0,TRUE
"T00100","Tram","Station_36","Station_42",26,"Storm",4.05,57.7,51.2,39.98,"Parade",0,TRUE
"T00101","Train","Station_45","Station_12",4,"Rain",16.99,53.05,13.46,2.34,"Protest",0,FALSE
"T00102","Train","Station_23","Station_13",39,"Storm",7.86,67.74,48.87,9.28,"Concert",0,TRUE
"T00103","Metro","Station_45","Station_4",14,"Snow",15.08,45.64,7.11,15.52,"Festival",0,TRUE
"T00104","Train","Station_45","Station_39",13,"Rain",19.06,NA,14.13,4.57,"Festival",0,TRUE
"T00105","Train","Station_34","Station_2",18,"Snow",-3.65,45.32,14.27,15.39,"Parade",0,TRUE
"T00106","Train","Station_9","Station_26",25,"Storm",NA,51.56,46.43,15.49,"Sports",0,TRUE
"T00107","Metro","Station_24","Station_27",14,"Storm",14.04,58.96,42.2,16.36,"No Event",0,TRUE
"T00108","Train","Station_8","Station_27",10,"Cloudy",12.09,54.35,13.15,1.29,"Sports",1,TRUE
"T00109","Tram","Station_7","Station_15",8,"Fog",NA,54.08,17.33,1.42,"No Event",1,TRUE
"T00110","Metro","Station_36","Station_8",5,"Clear",30.53,46.4,18.58,1.85,"No Event",1,TRUE
"T00111","Tram","Station_18","Station_7",-6,"Fog",27.65,43.64,5.92,2.15,"No Event",1,FALSE
"T00112","Metro","Station_3","Station_47",28,"Storm",6.72,58.14,46,25.89,"Festival",0,TRUE
"T00113","Train","Station_28","Station_46",7,"Storm",14.32,55.55,41.16,11.76,"No Event",0,TRUE
"T00114","Tram","Station_6","Station_40",7,"Fog",21.51,47.64,21.03,1.57,"Sports",0,TRUE
"T00115","Metro","Station_44","Station_12",19,"Storm",-4.23,55.03,45.86,16.82,"No Event",0,TRUE
"T00116","Bus","Station_44","Station_13",36,"Snow",0.399999999999999,47.07,12.59,13.93,"No Event",0,TRUE
"T00117","Train","Station_21","Station_43",2,"Rain",24.33,48.66,13.96,1.6,"No Event",0,FALSE
"T00118","Metro","Station_28","Station_17",14,"Storm",2.78,51.28,56.16,26.89,"Concert",0,TRUE
"T00119","Bus","Station_40","Station_17",11,"Fog",NA,57.13,20.75,1.68,"Festival",0,TRUE
"T00120","Metro","Station_1","Station_36",-7,"Fog",30.36,63.12,8.35,2.35,"No Event",0,FALSE
"T00121","Bus","Station_36","Station_21",9,"Fog",32.33,57.53,16.29,1.63,"No Event",0,TRUE
"T00122","Train","Station_21","Station_8",6,"Cloudy",14.84,46.16,9.42,2.56,"Concert",0,TRUE
"T00123","Tram","Station_43","Station_5",0,"Snow",3.8,45.56,9.08,16.03,"No Event",0,FALSE
"T00124","Bus","Station_35","Station_26",21,"Snow",8.92,46.11,5.74,13.86,"No Event",0,TRUE
"T00125","Metro","Station_13","Station_16",-3,"Cloudy",14.73,49.91,9.16,1.97,"No Event",0,FALSE
"T00126","Train","Station_49","Station_36",12,"Snow",4.79,46.65,9,13.98,"Concert",0,TRUE
"T00127","Bus","Station_10","Station_28",23,"Cloudy",27.83,57.55,2.68,1.96,"No Event",0,TRUE
"T00128","Metro","Station_44","Station_29",4,"Snow",3.3,57.54,12.38,14.91,"No Event",0,FALSE
"T00129","Metro","Station_47","Station_47",2,"Cloudy",27.77,57.29,16.69,1.6,"Parade",0,FALSE
"T00130","Metro","Station_10","Station_12",12,"Cloudy",21.07,55.23,10.28,2.68,"Sports",0,TRUE
"T00131","Bus","Station_46","Station_37",19,"Snow",11.76,50.3,9.42,14.4,"No Event",0,TRUE
"T00132","Bus","Station_13","Station_30",11,"Cloudy",29.8,57.73,15.98,2,"No Event",0,TRUE
"T00133","Bus","Station_37","Station_23",23,"Snow",7.47,43.7,11.79,14.85,"No Event",0,TRUE
"T00134","Tram","Station_38","Station_16",-1,"Cloudy",16.52,56.52,4.89,1.91,"No Event",0,FALSE
"T00135","Bus","Station_24","Station_14",3,"Fog",31.02,56.23,16.56,2.08,"No Event",0,FALSE
"T00136","Bus","Station_2","Station_10",-2,"Clear",34.61,57,11.01,1.72,"No Event",0,FALSE
"T00137","Bus","Station_22","Station_7",-10,"Snow",-2.39,44.72,16.56,14.27,"No Event",0,FALSE
"T00138","Tram","Station_17","Station_45",11,"Cloudy",33.79,58.52,17.49,1.72,"Festival",0,TRUE
"T00139","Bus","Station_36","Station_37",1,"Fog",20.26,51.25,9.86,1.82,"Festival",0,FALSE
"T00140","Metro","Station_14","Station_29",-2,"Clear",26.06,52.62,22.93,2.43,"No Event",0,FALSE
"T00141","Bus","Station_10","Station_3",14,"Cloudy",17.82,56.63,12.05,2.4,"Concert",0,TRUE
"T00142","Metro","Station_35","Station_15",-1,"Clear",22.53,55.18,11.09,1.89,"No Event",0,FALSE
"T00143","Metro","Station_25","Station_36",14,"Snow",2.17,52.61,16.02,15.33,"Concert",0,TRUE
"T00144","Metro","Station_3","Station_47",-4,"Clear",22.71,41.66,22.37,NA,"No Event",0,FALSE
"T00145","Tram","Station_47","Station_46",12,"Rain",20.56,58.05,18.2,9.62,"Festival",0,TRUE
"T00146","Tram","Station_38","Station_19",16,"Storm",8.31,52.71,45.47,28.63,"Festival",0,TRUE
"T00147","Tram","Station_17","Station_13",14,"Rain",12.6,52.04,17.59,1.76,"No Event",0,TRUE
"T00148","Bus","Station_12","Station_42",21,"Snow",-2.38,45.18,19.51,15.87,"Sports",1,TRUE
"T00149","Metro","Station_24","Station_21",16,"Snow",25.3,45.74,25.17,12.91,"Concert",1,TRUE
"T00150","Tram","Station_29","Station_37",5,"Clear",23.12,51.99,6.46,2.29,"No Event",1,TRUE
"T00151","Tram","Station_43","Station_27",4,"Fog",37.41,51.94,10.7,2.31,"Concert",1,FALSE
"T00152","Bus","Station_25","Station_29",33,"Cloudy",12.92,51,10.6,2.16,"Concert",0,TRUE
"T00153","Tram","Station_36","Station_20",22,"Storm",10.54,50.57,47.72,16.91,"Festival",0,TRUE
"T00154","Bus","Station_26","Station_25",20,"Cloudy",15.86,49.96,7.17,1.87,"Sports",0,TRUE
"T00155","Train","Station_38","Station_6",-5,"Fog",28.17,55.64,15.61,2.44,"No Event",0,FALSE
"T00156","Tram","Station_1","Station_36",15,"Snow",5.37,55.42,10.02,15.08,"Protest",0,TRUE
"T00157","Train","Station_20","Station_2",12,"Storm",-1.2,47.63,48.25,18.3,"Parade",0,TRUE
"T00158","Bus","Station_28","Station_22",11,"Rain",19.7,56.05,22.39,3.02,"No Event",0,TRUE
"T00159","Metro","Station_16","Station_32",11,"Snow",12.68,55.8,8.14,13.58,"No Event",0,TRUE
"T00160","Tram","Station_47","Station_16",5,"Snow",18.11,45.91,14.6,14.36,"Sports",0,TRUE
"T00161","Bus","Station_17","Station_18",36,"Clear",7.59,54.52,20.1,2.26,"Parade",0,TRUE
"T00162","Metro","Station_40","Station_5",-3,"Fog",22.49,58.92,20.42,2.04,"No Event",0,FALSE
"T00163","Metro","Station_28","Station_36",-7,"Clear",31.21,49.51,18.44,1.73,"No Event",0,FALSE
"T00164","Train","Station_12","Station_30",-9,"Clear",23.07,52.47,23.14,2.07,"No Event",0,FALSE
"T00165","Bus","Station_27","Station_45",21,"Cloudy",23.69,42.85,15.71,2.02,"Sports",0,TRUE
"T00166","Metro","Station_42","Station_19",15,"Snow",-1.68,39.64,20.31,14.86,"Festival",0,TRUE
"T00167","Tram","Station_47","Station_23",2,"Fog",24.47,52.54,14.54,1.93,"No Event",0,FALSE
"T00168","Tram","Station_30","Station_34",3,"Clear",24.54,49.49,18.41,1.61,"No Event",0,FALSE
"T00169","Train","Station_41","Station_13",30,"Rain",15.22,52.37,12,8.08,"Festival",0,TRUE
"T00170","Metro","Station_34","Station_43",12,"Storm",5.65,47.14,51.76,NA,"No Event",0,TRUE
"T00171","Bus","Station_37","Station_29",14,"Fog",25.4,46.85,17.32,2.11,"Festival",0,TRUE
"T00172","Tram","Station_6","Station_36",1,"Cloudy",23.02,50.1,19.85,1.9,"No Event",0,FALSE
"T00173","Metro","Station_7","Station_22",1,"Fog",28.47,56.89,19.72,1.62,"No Event",0,FALSE
"T00174","Metro","Station_32","Station_47",12,"Snow",1.48,56.29,22.24,15.31,"No Event",0,TRUE
"T00175","Train","Station_32","Station_36",3,"Cloudy",25.02,NA,22.49,1.38,"Concert",0,FALSE
"T00176","Tram","Station_25","Station_9",22,"Storm",20.63,54.31,44.21,26.08,"Festival",0,TRUE
"T00177","Tram","Station_33","Station_39",10,"Rain",16.78,38.27,5.88,8.28,"Parade",0,TRUE
"T00178","Bus","Station_7","Station_19",6,"Clear",31.01,48.95,18.72,2.34,"Protest",0,TRUE
"T00179","Tram","Station_12","Station_38",1,"Fog",31.19,54.54,12.12,1.56,"No Event",0,FALSE
"T00180","Bus","Station_16","Station_6",10,"Cloudy",20.82,55.79,13.94,2.16,"No Event",0,TRUE
"T00181","Tram","Station_16","Station_47",9,"Storm",19.4,39.62,36.28,29.3,"No Event",0,TRUE
"T00182","Train","Station_43","Station_15",1,"Clear",NA,52.53,18.78,1.19,"Festival",0,FALSE
"T00183","Tram","Station_36","Station_20",16,"Storm",13.89,48.43,28.05,22,"No Event",0,TRUE
"T00184","Bus","Station_13","Station_9",21,"Rain",13.08,55.45,5.94,-0.78,"Parade",0,TRUE
"T00185","Bus","Station_7","Station_32",26,"Clear",18.1,53.67,12.58,1.66,"Parade",0,TRUE
"T00186","Train","Station_36","Station_4",0,"Clear",26.03,57.72,12.27,2.16,"No Event",0,FALSE
"T00187","Tram","Station_47","Station_50",6,"Clear",29.57,61.08,13.98,2.02,"Festival",0,TRUE
"T00188","Tram","Station_9","Station_18",10,"Cloudy",19.91,58.51,15.82,1.21,"Parade",0,TRUE
"T00189","Train","Station_32","Station_5",-2,"Clear",25.86,47.47,15.37,1.4,"Protest",0,FALSE
"T00190","Tram","Station_11","Station_20",41,"Storm",17.07,45.47,49.52,30.89,"Concert",0,TRUE
"T00191","Tram","Station_8","Station_23",-6,"Cloudy",25.62,47.7,19.29,2.06,"Protest",0,FALSE
"T00192","Bus","Station_33","Station_11",6,"Clear",23.65,54.09,13.89,2.19,"No Event",0,TRUE
"T00193","Tram","Station_23","Station_37",24,"Storm",13.17,54.78,32.04,31.92,"Concert",0,TRUE
"T00194","Tram","Station_25","Station_22",8,"Storm",30.08,56.93,51.67,14.2,"No Event",0,TRUE
"T00195","Train","Station_8","Station_4",-8,"Fog",38.47,56.04,8.56,1.53,"No Event",0,FALSE
"T00196","Train","Station_45","Station_29",23,"Storm",21.93,60.01,47.13,16.98,"Festival",0,TRUE
"T00197","Metro","Station_22","Station_44",12,"Snow",9.62,44.35,23.05,16.16,"Concert",0,TRUE
"T00198","Bus","Station_4","Station_34",-6,"Rain",18.92,50.53,12.26,14.24,"No Event",0,FALSE
"T00199","Tram","Station_40","Station_13",7,"Clear",25.34,58.34,14.6,2.71,"No Event",0,TRUE
"T00200","Tram","Station_3","Station_42",7,"Clear",32.24,47.4,9.39,2.06,"Parade",0,TRUE
"T00201","Metro","Station_29","Station_9",8,"Clear",24.5,55.74,18.46,1.67,"Festival",0,TRUE
"T00202","Tram","Station_41","Station_42",3,"Storm",14.56,63.47,37.41,16.09,"No Event",0,FALSE
"T00203","Bus","Station_29","Station_31",45,"Storm",12.41,57.21,34.9,17.82,"Parade",0,TRUE
"T00204","Metro","Station_34","Station_7",7,"Clear",29.18,54.91,18.36,2.09,"No Event",1,TRUE
"T00205","Bus","Station_34","Station_4",16,"Snow",6.12,54.02,16.45,15.66,"Concert",1,TRUE
"T00206","Metro","Station_28","Station_19",3,"Cloudy",22.07,46.93,7.55,2.17,"Sports",1,FALSE
"T00207","Metro","Station_13","Station_42",13,"Cloudy",13.22,57.79,11.36,2.22,"Festival",1,TRUE
"T00208","Train","Station_15","Station_30",9,"Rain",22.89,54.61,16.81,12.83,"Festival",0,TRUE
"T00209","Bus","Station_23","Station_31",5,"Fog",27.22,56.53,6.33,2.08,"No Event",0,TRUE
"T00210","Tram","Station_44","Station_35",5,"Rain",21.22,53.15,17.77,0.43,"Concert",0,TRUE
"T00211","Tram","Station_26","Station_21",2,"Clear",24.14,64.46,23.27,2.45,"No Event",0,FALSE
"T00212","Bus","Station_4","Station_31",4,"Clear",23.38,54.74,13.42,1.57,"No Event",0,FALSE
"T00213","Tram","Station_26","Station_19",-1,"Clear",23.43,59.79,14.24,1.77,"No Event",0,FALSE
"T00214","Tram","Station_40","Station_31",-3,"Fog",25.29,55.97,25.9,2.31,"No Event",0,FALSE
"T00215","Bus","Station_9","Station_32",22,"Storm",2.53,49.73,28.98,20.23,"No Event",0,TRUE
"T00216","Metro","Station_5","Station_2",-7,"Fog",NA,46.23,22.92,1.66,"No Event",0,FALSE
"T00217","Bus","Station_32","Station_10",17,"Rain",18.75,NA,11.14,0.33,"Concert",0,TRUE
"T00218","Metro","Station_20","Station_2",23,"Storm",18.15,55.73,38.54,24.63,"Sports",0,TRUE
"T00219","Tram","Station_50","Station_2",17,"Storm",16.58,51.79,51.19,22.49,"No Event",0,TRUE
"T00220","Tram","Station_11","Station_24",32,"Rain",24.43,54.9,9.64,5.32,"Parade",0,TRUE
"T00221","Tram","Station_15","Station_17",13,"Storm",-0.140000000000001,50.69,37.63,36.74,"No Event",0,TRUE
"T00222","Train","Station_32","Station_32",-5,"Cloudy",25.96,52.15,19.69,1.71,"No Event",0,FALSE
"T00223","Metro","Station_28","Station_16",5,"Rain",15.35,56.84,14.92,8.07,"No Event",0,TRUE
"T00224","Train","Station_22","Station_16",6,"Rain",23.76,47.06,15.41,10.69,"No Event",0,TRUE
"T00225","Train","Station_41","Station_46",-7,"Cloudy",15.51,NA,16.74,2.21,"No Event",0,FALSE
"T00226","Bus","Station_17","Station_39",10,"Fog",25.62,53.85,14.29,2.29,"Festival",0,TRUE
"T00227","Train","Station_26","Station_31",-2,"Fog",27.38,52.6,16.68,1.61,"No Event",0,FALSE
"T00228","Bus","Station_44","Station_43",2,"Fog",23.23,47.69,12.7,2.35,"No Event",0,FALSE
"T00229","Bus","Station_7","Station_24",6,"Storm",11.88,62.12,48.3,13.27,"No Event",0,TRUE
"T00230","Train","Station_42","Station_1",4,"Cloudy",20.24,51.27,14.66,2.09,"Festival",0,FALSE
"T00231","Metro","Station_26","Station_11",4,"Rain",23.31,54.1,12.14,9.96,"No Event",0,FALSE
"T00232","Metro","Station_25","Station_21",2,"Rain",21.81,58.69,12.74,3.79,"Festival",0,FALSE
"T00233","Metro","Station_10","Station_4",4,"Rain",18.98,51.81,25.54,14.88,"No Event",0,FALSE
"T00234","Metro","Station_45","Station_7",6,"Storm",7.29,49.54,42.89,21.66,"No Event",0,TRUE
"T00235","Metro","Station_19","Station_26",18,"Storm",10.81,51.3,47.06,29.16,"No Event",0,TRUE
"T00236","Train","Station_11","Station_47",14,"Snow",-5.18,49.45,13.09,16.22,"Protest",0,TRUE
"T00237","Train","Station_13","Station_50",-1,"Fog",28.33,57.22,12.67,1.37,"Sports",0,FALSE
"T00238","Tram","Station_8","Station_12",3,"Snow",14.15,52.08,20.85,14.19,"No Event",0,FALSE
"T00239","Metro","Station_40","Station_31",7,"Snow",7.74,48.84,17.35,NA,"No Event",0,TRUE
"T00240","Train","Station_4","Station_17",21,"Storm",7.27,53.97,42.77,26.1,"No Event",0,TRUE
"T00241","Tram","Station_47","Station_33",7,"Fog",22.46,48.5,17.73,1.69,"No Event",0,TRUE
"T00242","Metro","Station_31","Station_11",1,"Fog",20.8,61.3,20.18,NA,"No Event",0,FALSE
"T00243","Bus","Station_28","Station_28",9,"Rain",20.24,53.77,21,-1.76,"Festival",0,TRUE
"T00244","Tram","Station_11","Station_32",35,"Storm",9.82,46.36,39.81,31.55,"Sports",1,TRUE
"T00245","Train","Station_43","Station_1",3,"Fog",13.06,57.61,17.24,2.02,"No Event",1,FALSE
"T00246","Bus","Station_1","Station_47",37,"Snow",15.42,41.38,11.29,15.98,"Parade",1,TRUE
"T00247","Bus","Station_49","Station_28",10,"Cloudy",11.54,53.66,15.47,2.29,"Festival",1,TRUE
"T00248","Bus","Station_47","Station_42",10,"Cloudy",19.02,47.5,18.88,1.94,"No Event",0,TRUE
"T00249","Tram","Station_38","Station_7",8,"Storm",14.94,47.01,48.53,30.56,"No Event",0,TRUE
"T00250","Train","Station_24","Station_2",4,"Rain",10.97,48.69,22.77,3.55,"Festival",0,FALSE
"T00251","Bus","Station_47","Station_42",-4,"Rain",12.73,58.69,16.1,6.48,"Concert",0,FALSE
"T00252","Metro","Station_31","Station_24",-1,"Fog",15.16,53.45,10.23,NA,"No Event",0,FALSE
"T00253","Bus","Station_41","Station_4",42,"Storm",NA,48.45,39.82,25.9,"Sports",0,TRUE
"T00254","Bus","Station_46","Station_44",16,"Cloudy",15.69,49.32,22.67,2.05,"No Event",0,TRUE
"T00255","Tram","Station_50","Station_19",17,"Snow",7.16,NA,9.91,14.21,"Festival",0,TRUE
"T00256","Tram","Station_26","Station_26",-3,"Fog",24.47,NA,12.4,1.37,"No Event",0,FALSE
"T00257","Train","Station_49","Station_11",16,"Snow",12.67,55.4,16.65,14.58,"Concert",0,TRUE
"T00258","Metro","Station_50","Station_40",0,"Fog",20.79,51.83,25.13,1.92,"No Event",0,FALSE
"T00259","Tram","Station_5","Station_50",-5,"Clear",23.73,50.51,22.88,1.33,"No Event",0,FALSE
"T00260","Bus","Station_20","Station_43",23,"Snow",7.42,49.56,9.38,15.56,"No Event",0,TRUE
"T00261","Train","Station_41","Station_11",7,"Storm",15.63,58.73,48.19,15.09,"No Event",0,TRUE
"T00262","Bus","Station_11","Station_45",31,"Snow",-6.05,47.83,5.05,14.63,"Sports",0,TRUE
"T00263","Bus","Station_33","Station_3",14,"Snow",11.61,48.36,17.18,14.92,"No Event",0,TRUE
"T00264","Tram","Station_50","Station_12",6,"Fog",24.91,58.06,16.39,1.94,"No Event",0,TRUE
"T00265","Train","Station_38","Station_3",2,"Cloudy",23.51,51.39,20.21,2.05,"No Event",0,FALSE
"T00266","Metro","Station_27","Station_42",2,"Clear",NA,58.63,11.43,2.23,"Concert",0,FALSE
"T00267","Metro","Station_34","Station_27",12,"Snow",5.59,43.87,23.56,15.37,"No Event",0,TRUE
"T00268","Tram","Station_15","Station_49",-4,"Cloudy",25.76,54.84,15.26,2.69,"No Event",0,FALSE
"T00269","Tram","Station_32","Station_2",7,"Rain",18.06,53.36,21.77,7.33,"Festival",0,TRUE
"T00270","Train","Station_21","Station_49",1,"Clear",20.14,58.45,19.63,1.48,"No Event",0,FALSE
"T00271","Metro","Station_46","Station_16",8,"Clear",22.21,50.66,19.14,2.18,"Festival",0,TRUE
"T00272","Metro","Station_5","Station_2",-8,"Fog",16.27,57.56,9.96,2.05,"No Event",0,FALSE
"T00273","Metro","Station_6","Station_30",14,"Snow",4.9,56.55,13.78,14.75,"Concert",0,TRUE
"T00274","Bus","Station_38","Station_20",9,"Rain",20.15,47.35,14.86,-6.06,"No Event",0,TRUE
"T00275","Metro","Station_22","Station_38",-4,"Fog",18.58,61.5,15.99,2.2,"Protest",0,FALSE
"T00276","Bus","Station_18","Station_28",19,"Storm",14.28,49.73,51.83,26.7,"No Event",0,TRUE
"T00277","Train","Station_14","Station_25",-3,"Cloudy",28.33,61.9,15.77,1.84,"No Event",0,FALSE
"T00278","Bus","Station_10","Station_32",-4,"Cloudy",15.46,59.14,4.47,2.24,"No Event",0,FALSE
"T00279","Train","Station_46","Station_10",-6,"Fog",29.49,56.99,25.09,1.35,"Protest",0,FALSE
"T00280","Metro","Station_13","Station_42",10,"Cloudy",23.77,58.09,11.74,1.5,"Festival",0,TRUE
"T00281","Metro","Station_31","Station_40",6,"Snow",6.43,52.58,9.99,13.76,"No Event",0,TRUE
"T00282","Train","Station_30","Station_33",-8,"Cloudy",17.64,49.81,17.51,NA,"No Event",0,FALSE
"T00283","Tram","Station_3","Station_13",23,"Snow",14.64,48.76,0.9,15.29,"Sports",0,TRUE
"T00284","Train","Station_30","Station_41",25,"Storm",16.49,53.79,42.79,26.16,"Festival",0,TRUE
"T00285","Tram","Station_6","Station_42",12,"Rain",23.46,45.77,18.85,7.78,"Concert",0,TRUE
"T00286","Bus","Station_29","Station_47",6,"Clear",20.22,45.61,12.64,1.75,"Festival",0,TRUE
"T00287","Bus","Station_8","Station_37",11,"Fog",25.87,52.08,11.62,1.91,"No Event",0,TRUE
"T00288","Bus","Station_44","Station_16",-2,"Fog",23.46,59.14,19.13,1.61,"No Event",0,FALSE
"T00289","Metro","Station_45","Station_45",2,"Snow",-2.63,42.81,15.7,17.11,"No Event",0,FALSE
"T00290","Bus","Station_43","Station_22",35,"Storm",11.33,47.79,17,28.98,"Concert",0,TRUE
"T00291","Tram","Station_44","Station_20",13,"Storm",27.67,53.38,48.18,NA,"No Event",0,TRUE
"T00292","Bus","Station_33","Station_50",21,"Clear",21.96,57.61,NA,2.27,"No Event",0,TRUE
"T00293","Train","Station_17","Station_43",1,"Rain",18.03,50.37,10.09,8.44,"No Event",0,FALSE
"T00294","Train","Station_48","Station_27",-7,"Fog",29.37,49.45,11.31,1.88,"No Event",0,FALSE
"T00295","Metro","Station_11","Station_41",16,"Snow",-1.14,49.43,15.44,15.25,"No Event",0,TRUE
"T00296","Train","Station_13","Station_16",16,"Storm",13.15,44.78,37.97,37.13,"No Event",0,TRUE
"T00297","Tram","Station_50","Station_34",4,"Fog",33.7,49.35,2.7,2.21,"Festival",0,FALSE
"T00298","Bus","Station_11","Station_32",9,"Snow",4.86,50.32,8.16,16.22,"No Event",0,TRUE
"T00299","Metro","Station_31","Station_26",-1,"Cloudy",21.49,55.89,11.81,1.74,"No Event",0,FALSE
"T00300","Bus","Station_28","Station_25",14,"Fog",27.73,46.65,16.1,1.92,"Concert",1,TRUE
"T00301","Bus","Station_44","Station_2",14,"Rain",NA,42.55,10.7,4.8,"Festival",1,TRUE
"T00302","Tram","Station_6","Station_12",24,"Snow",6.36,46.34,18.52,15.8,"Concert",1,TRUE
"T00303","Train","Station_41","Station_40",3,"Rain",11.85,54.58,8.81,7.85,"No Event",1,FALSE
"T00304","Train","Station_16","Station_9",2,"Fog",NA,54.39,4.95,1.89,"Festival",0,FALSE
"T00305","Bus","Station_4","Station_12",13,"Cloudy",21.57,43.45,9.35,1.78,"No Event",0,TRUE
"T00306","Metro","Station_35","Station_26",-1,"Rain",30.12,48.08,10.05,3.03,"No Event",0,FALSE
"T00307","Train","Station_48","Station_9",22,"Storm",18.4,52.25,41.62,17.09,"Concert",0,TRUE
"T00308","Metro","Station_26","Station_10",4,"Snow",2,53.34,13.73,14.38,"Sports",0,FALSE
"T00309","Train","Station_12","Station_32",-13,"Fog",24.89,55.38,14.44,1.81,"No Event",0,FALSE
"T00310","Metro","Station_11","Station_34",11,"Cloudy",21.86,60.36,14,2.37,"Festival",0,TRUE
"T00311","Tram","Station_37","Station_48",14,"Storm",NA,46.48,39.91,9.83,"Concert",0,TRUE
"T00312","Metro","Station_25","Station_20",0,"Fog",25.41,52.46,22.77,1.85,"Festival",0,FALSE
"T00313","Tram","Station_18","Station_39",-1,"Cloudy",24.92,49.79,12.16,1.09,"No Event",0,FALSE
"T00314","Tram","Station_19","Station_2",10,"Storm",10.49,52.8,42.21,17.36,"No Event",0,TRUE
"T00315","Metro","Station_23","Station_1",6,"Rain",12.57,44.69,18.86,11.7,"No Event",0,TRUE
"T00316","Tram","Station_38","Station_36",-5,"Fog",26.22,59.44,19.9,1.76,"No Event",0,FALSE
"T00317","Bus","Station_18","Station_24",8,"Fog",22.07,54.26,13.79,2.08,"No Event",0,TRUE
"T00318","Tram","Station_26","Station_27",14,"Rain",12.53,56.85,11.62,9.9,"Sports",0,TRUE
"T00319","Train","Station_6","Station_2",16,"Clear",16.07,49.4,15.95,2.48,"Concert",0,TRUE
"T00320","Metro","Station_4","Station_31",15,"Storm",1.55,56.31,47.84,36.16,"No Event",0,TRUE
"T00321","Bus","Station_44","Station_14",-2,"Rain",18.54,57.14,12.43,4.91,"No Event",0,FALSE
"T00322","Metro","Station_29","Station_2",-3,"Fog",18.16,48.44,23.54,1.87,"No Event",0,FALSE
"T00323","Train","Station_34","Station_29",15,"Storm",18.06,50.62,31.06,23.54,"Festival",0,TRUE
"T00324","Train","Station_17","Station_15",9,"Storm",19.24,58.08,42.9,11.42,"No Event",0,TRUE
"T00325","Train","Station_43","Station_12",8,"Clear",15.82,49.97,9.44,1.89,"Concert",0,TRUE
"T00326","Tram","Station_43","Station_37",8,"Fog",30.3,51.89,19.77,2.41,"Concert",0,TRUE
"T00327","Tram","Station_16","Station_28",1,"Cloudy",16.85,44.39,24.6,1.79,"No Event",0,FALSE
"T00328","Metro","Station_2","Station_20",-1,"Clear",21.93,47.6,NA,1.94,"No Event",0,FALSE
"T00329","Metro","Station_34","Station_39",-7,"Clear",25.31,55.79,13.62,2.05,"No Event",0,FALSE
"T00330","Bus","Station_8","Station_24",22,"Cloudy",17.36,61.71,13.84,2.07,"Protest",0,TRUE
"T00331","Bus","Station_13","Station_21",1,"Cloudy",33.11,50.33,17.12,2.13,"Sports",0,FALSE
"T00332","Metro","Station_42","Station_10",1,"Clear",23.7,54.2,17.12,1.96,"Sports",0,FALSE
"T00333","Tram","Station_8","Station_46",21,"Storm",4.3,52.07,46.26,22.2,"Sports",0,TRUE
"T00334","Train","Station_30","Station_14",0,"Rain",18.03,50.19,18.41,3.98,"No Event",0,FALSE
"T00335","Metro","Station_32","Station_37",-1,"Rain",26.38,48.61,11.1,7.23,"No Event",0,FALSE
"T00336","Bus","Station_36","Station_18",11,"Clear",22.47,53.8,8.66,1.87,"Festival",0,TRUE
"T00337","Tram","Station_47","Station_24",7,"Storm",9.05,55.11,45.8,19.78,"Protest",0,TRUE
"T00338","Metro","Station_30","Station_14",-4,"Cloudy",17.84,47.24,9.39,1.81,"Concert",0,FALSE
"T00339","Metro","Station_1","Station_34",15,"Snow",-1.23,52.82,2.41,15.38,"Concert",0,TRUE
"T00340","Tram","Station_43","Station_12",-3,"Clear",32.1,47.25,12.87,1.93,"No Event",1,FALSE
"T00341","Metro","Station_39","Station_22",12,"Fog",21.65,52.46,14.5,2.19,"No Event",1,TRUE
"T00342","Tram","Station_17","Station_6",21,"Storm",16.43,56.44,40.96,11.37,"Concert",1,TRUE
"T00343","Train","Station_20","Station_36",10,"Fog",11.08,44.89,14.33,1.68,"Festival",1,TRUE
"T00344","Tram","Station_24","Station_45",-4,"Fog",21.03,56.8,14.09,2.2,"No Event",0,FALSE
"T00345","Tram","Station_50","Station_36",-2,"Clear",23.72,52.39,15.36,2.5,"No Event",0,FALSE
"T00346","Tram","Station_22","Station_22",15,"Storm",6.13,53.26,34.44,25.52,"No Event",0,TRUE
"T00347","Metro","Station_29","Station_14",-6,"Fog",30.26,49.48,16.3,1.83,"No Event",0,FALSE
"T00348","Metro","Station_22","Station_16",12,"Storm",20.38,53.69,NA,25.06,"No Event",0,TRUE
"T00349","Tram","Station_44","Station_36",12,"Rain",21.5,54.57,11.95,5.76,"Parade",0,TRUE
"T00350","Metro","Station_9","Station_25",16,"Snow",7.33,63.07,10.51,15.02,"Protest",0,TRUE
"T00351","Bus","Station_37","Station_32",9,"Fog",25.67,47.64,19.42,2.05,"Festival",0,TRUE
"T00352","Bus","Station_10","Station_33",18,"Fog",15.07,46.56,13.52,2.2,"Concert",0,TRUE
"T00353","Metro","Station_36","Station_45",10,"Storm",NA,50.89,34.11,19.93,"No Event",0,TRUE
"T00354","Metro","Station_37","Station_36",16,"Snow",10.74,49.32,14.78,15.07,"Parade",0,TRUE
"T00355","Tram","Station_28","Station_20",-2,"Rain",5.59,53.7,19.62,4.03,"No Event",0,FALSE
"T00356","Train","Station_28","Station_18",8,"Fog",18.06,47.74,14.41,1.86,"Festival",0,TRUE
"T00357","Metro","Station_42","Station_38",-3,"Clear",20.44,52.89,9.63,1.4,"Sports",0,FALSE
"T00358","Bus","Station_43","Station_3",24,"Storm",13.76,43.18,55.92,24.65,"No Event",0,TRUE
"T00359","Tram","Station_21","Station_23",14,"Storm",9.79,54.04,61.64,14.3,"No Event",0,TRUE
"T00360","Metro","Station_24","Station_32",-4,"Fog",29.36,58.26,17.35,2.29,"No Event",0,FALSE
"T00361","Bus","Station_42","Station_45",0,"Rain",25.51,53.45,17.89,4.53,"No Event",0,FALSE
"T00362","Bus","Station_40","Station_16",-2,"Fog",23.79,48.13,14.73,1.6,"No Event",0,FALSE
"T00363","Train","Station_2","Station_5",7,"Cloudy",32.28,60.85,17.77,2.21,"Festival",0,TRUE
"T00364","Tram","Station_8","Station_4",-2,"Fog",28.15,46.37,9.68,2.05,"Sports",0,FALSE
"T00365","Tram","Station_48","Station_21",6,"Snow",-6.01,56.95,22.41,15.4,"No Event",0,TRUE
"T00366","Train","Station_27","Station_40",10,"Snow",-5.79,43.74,12.6,14.68,"No Event",0,TRUE
"T00367","Train","Station_22","Station_14",4,"Cloudy",16.1,55.41,18.1,2.35,"Concert",0,FALSE
"T00368","Tram","Station_37","Station_39",7,"Snow",-4.34,45.33,18.36,14.86,"No Event",0,TRUE
"T00369","Tram","Station_27","Station_31",7,"Snow",-1.39,48.11,15.39,15.38,"No Event",0,TRUE
"T00370","Metro","Station_29","Station_14",2,"Clear",33.88,62.51,13.38,2.57,"Concert",0,FALSE
"T00371","Metro","Station_3","Station_6",18,"Storm",7.88,57.12,33.02,29.61,"No Event",0,TRUE
"T00372","Train","Station_44","Station_12",8,"Snow",-1.14,49.89,17.42,15.16,"No Event",0,TRUE
"T00373","Metro","Station_13","Station_16",6,"Storm",12.75,55.86,41.02,15.23,"No Event",0,TRUE
"T00374","Bus","Station_45","Station_17",10,"Rain",30.35,50.64,20.2,5.32,"No Event",0,TRUE
"T00375","Metro","Station_10","Station_45",5,"Fog",21.17,55.91,22.02,1.81,"No Event",0,TRUE
"T00376","Metro","Station_36","Station_23",-6,"Clear",33.9,57.05,4.4,2.02,"No Event",0,FALSE
"T00377","Bus","Station_9","Station_14",15,"Cloudy",15.74,45.48,12.71,1.97,"No Event",0,TRUE
"T00378","Train","Station_27","Station_7",11,"Rain",21.44,49.66,10.25,2.89,"Festival",0,TRUE
"T00379","Bus","Station_34","Station_46",25,"Clear",19.18,52.36,2.77,1.64,"Sports",0,TRUE
"T00380","Metro","Station_1","Station_32",2,"Clear",24.84,57.25,18.7,1.92,"Concert",0,FALSE
"T00381","Train","Station_32","Station_15",3,"Cloudy",NA,50.45,1.91,1.92,"No Event",0,FALSE
"T00382","Metro","Station_25","Station_44",-8,"Cloudy",24.46,54.77,13.9,2.09,"No Event",0,FALSE
"T00383","Bus","Station_29","Station_17",10,"Storm",7.64,38.13,56.79,NA,"No Event",0,TRUE
"T00384","Bus","Station_7","Station_41",5,"Fog",26.18,53.58,19.94,2.05,"Protest",0,TRUE
"T00385","Metro","Station_49","Station_47",0,"Rain",9.84,51.55,10.59,12.02,"No Event",0,FALSE
"T00386","Tram","Station_3","Station_44",-7,"Fog",18.05,53.13,20.44,2.62,"No Event",0,FALSE
"T00387","Tram","Station_20","Station_34",-9,"Rain",18.09,54.26,26.91,7.02,"No Event",0,FALSE
"T00388","Bus","Station_20","Station_5",25,"Clear",22.9,49.41,23.92,2.35,"Festival",0,TRUE
"T00389","Bus","Station_30","Station_45",11,"Snow",7.64,49.12,23.52,15.81,"Festival",0,TRUE
"T00390","Tram","Station_35","Station_27",4,"Snow",4.46,49.63,16.21,15.75,"No Event",0,FALSE
"T00391","Tram","Station_35","Station_23",2,"Cloudy",20.02,49.88,12.02,2.49,"Sports",0,FALSE
"T00392","Metro","Station_49","Station_40",-6,"Cloudy",23.41,46.71,8.88,2.3,"No Event",0,FALSE
"T00393","Metro","Station_39","Station_14",-1,"Clear",21.25,49.88,19.15,2.16,"No Event",0,FALSE
"T00394","Tram","Station_27","Station_15",1,"Clear",28.17,52.29,22.64,2.14,"No Event",0,FALSE
"T00395","Metro","Station_26","Station_43",1,"Rain",20.91,52.73,18.55,4.41,"No Event",0,FALSE
"T00396","Metro","Station_14","Station_33",0,"Clear",27.05,49.73,17.85,1.84,"No Event",1,FALSE
"T00397","Train","Station_17","Station_31",20,"Rain",15.11,57.69,17.93,8.82,"Festival",1,TRUE
"T00398","Metro","Station_18","Station_35",5,"Fog",20.08,53.01,8.82,1.91,"Protest",1,TRUE
"T00399","Bus","Station_45","Station_17",3,"Cloudy",20.7,60.85,18.77,1.63,"No Event",1,FALSE
"T00400","Metro","Station_29","Station_28",2,"Cloudy",29.2,55.14,12.57,2.07,"No Event",0,FALSE
"T00401","Metro","Station_20","Station_19",7,"Snow",6.38,41.22,9.72,15.91,"No Event",0,TRUE
"T00402","Tram","Station_27","Station_46",5,"Snow",18.95,46.15,16.71,15.66,"No Event",0,TRUE
"T00403","Bus","Station_18","Station_23",2,"Cloudy",27.81,55.75,14.9,2.18,"Festival",0,FALSE
"T00404","Metro","Station_4","Station_32",1,"Fog",24.98,58.84,9.24,2.6,"No Event",0,FALSE
"T00405","Metro","Station_1","Station_40",11,"Fog",27.96,57.22,11.69,2.04,"Concert",0,TRUE
"T00406","Train","Station_50","Station_13",31,"Storm",15.59,53.44,52.63,13.9,"No Event",0,TRUE
"T00407","Metro","Station_1","Station_20",3,"Rain",21.91,60.88,11.2,8.76,"No Event",0,FALSE
"T00408","Metro","Station_26","Station_35",2,"Snow",19.78,51.5,10.59,14.7,"No Event",0,FALSE
"T00409","Train","Station_45","Station_5",12,"Rain",22.92,55.09,26.74,2.75,"Festival",0,TRUE
"T00410","Tram","Station_20","Station_9",9,"Snow",14.64,NA,16.8,14,"Sports",0,TRUE
"T00411","Metro","Station_23","Station_29",12,"Storm",15.83,60.28,43.75,31.3,"No Event",0,TRUE
"T00412","Train","Station_10","Station_6",-1,"Cloudy",20.42,58.41,18.26,1.79,"Protest",0,FALSE
"T00413","Bus","Station_11","Station_25",22,"Rain",14.68,58.08,24.43,12.74,"Festival",0,TRUE
"T00414","Tram","Station_41","Station_31",5,"Snow",15.28,49.2,14.26,15.15,"No Event",0,TRUE
"T00415","Bus","Station_41","Station_22",8,"Rain",22.94,53.94,11.52,7.82,"No Event",0,TRUE
"T00416","Bus","Station_5","Station_2",15,"Cloudy",26.8,54.32,10.49,1.55,"No Event",0,TRUE
"T00417","Train","Station_1","Station_45",-1,"Clear",30.49,61.34,9.52,2.35,"No Event",0,FALSE
"T00418","Metro","Station_17","Station_5",22,"Snow",NA,47.94,19.04,15.17,"Concert",0,TRUE
"T00419","Train","Station_22","Station_27",-5,"Clear",28.02,51.32,NA,2.23,"No Event",0,FALSE
"T00420","Train","Station_34","Station_25",6,"Storm",14.87,51.58,32.1,27.26,"No Event",0,TRUE
"T00421","Train","Station_45","Station_8",-2,"Fog",24.22,53.14,17.02,1.65,"No Event",0,FALSE
"T00422","Train","Station_41","Station_1",4,"Rain",26.36,51.64,16.23,3.5,"No Event",0,FALSE
"T00423","Tram","Station_29","Station_20",9,"Snow",-4.51,54.82,15.18,14.73,"No Event",0,TRUE
"T00424","Metro","Station_4","Station_44",12,"Rain",18.14,60.57,24.12,11.18,"Concert",0,TRUE
"T00425","Bus","Station_5","Station_23",14,"Storm",9.98,55.1,54.18,23.39,"No Event",0,TRUE
"T00426","Bus","Station_11","Station_32",30,"Storm",17.82,52.58,39.84,8.99,"No Event",0,TRUE
"T00427","Metro","Station_21","Station_11",5,"Rain",21.59,50.53,9.5,10.69,"No Event",0,TRUE
"T00428","Bus","Station_35","Station_39",33,"Snow",4.79,51.64,9.06,14.76,"Festival",0,TRUE
"T00429","Metro","Station_12","Station_47",-6,"Cloudy",NA,54.28,NA,1.63,"No Event",0,FALSE
"T00430","Bus","Station_26","Station_24",22,"Cloudy",29.06,59.37,17.21,NA,"No Event",0,TRUE
"T00431","Train","Station_19","Station_11",-2,"Fog",22.05,49.61,15.7,2.06,"No Event",0,FALSE
"T00432","Bus","Station_45","Station_29",13,"Rain",11.16,52.62,12.86,4.87,"No Event",0,TRUE
"T00433","Metro","Station_7","Station_26",1,"Rain",16.69,51.34,19.75,0.32,"No Event",0,FALSE
"T00434","Metro","Station_47","Station_16",8,"Snow",7.01,54.21,16.87,15.35,"Concert",0,TRUE
"T00435","Metro","Station_7","Station_35",2,"Rain",22.74,NA,12.71,-1.08,"Protest",0,FALSE
"T00436","Metro","Station_26","Station_20",14,"Snow",2.08,43.58,13.47,15.22,"No Event",1,TRUE
"T00437","Metro","Station_40","Station_46",5,"Rain",14.41,50.42,12.59,5.16,"No Event",1,TRUE
"T00438","Tram","Station_5","Station_3",16,"Storm",13.83,53.56,46.8,16.7,"Sports",1,TRUE
"T00439","Tram","Station_21","Station_1",8,"Clear",23.67,50.15,NA,NA,"No Event",1,TRUE
"T00440","Bus","Station_14","Station_47",5,"Rain",19.83,NA,12.8,0.0499999999999998,"No Event",0,TRUE
"T00441","Metro","Station_4","Station_1",-7,"Clear",26.98,58.82,15.53,1.99,"No Event",0,FALSE
"T00442","Bus","Station_23","Station_17",13,"Cloudy",15.26,54.85,NA,1.92,"Festival",0,TRUE
"T00443","Metro","Station_42","Station_2",-7,"Fog",19.42,50.11,17.09,1.71,"Protest",0,FALSE
"T00444","Metro","Station_20","Station_29",-5,"Cloudy",26.53,56.32,26.4,2.1,"No Event",0,FALSE
"T00445","Tram","Station_15","Station_20",-1,"Rain",18.92,53.85,9.04,11.31,"No Event",0,FALSE
"T00446","Tram","Station_50","Station_6",20,"Snow",9.38,NA,18.9,15.82,"Sports",0,TRUE
"T00447","Train","Station_45","Station_8",-1,"Cloudy",23.85,53.98,13.62,2.14,"No Event",0,FALSE
"T00448","Tram","Station_29","Station_29",10,"Storm",18.46,51.75,43.83,23.65,"Sports",0,TRUE
"T00449","Train","Station_8","Station_48",-7,"Clear",22.02,52.76,12.77,1.49,"No Event",0,FALSE
"T00450","Train","Station_41","Station_33",18,"Snow",0.140000000000001,45.55,13.65,16.26,"Parade",0,TRUE
"T00451","Train","Station_48","Station_3",8,"Snow",1.41,46.56,27.43,14.68,"Sports",0,TRUE
"T00452","Train","Station_19","Station_35",7,"Rain",20.73,57.86,17.68,9.16,"No Event",0,TRUE
"T00453","Train","Station_48","Station_5",15,"Storm",13.86,51.97,46.25,17.97,"No Event",0,TRUE
"T00454","Bus","Station_39","Station_27",-4,"Clear",26,55.11,10.09,2.27,"No Event",0,FALSE
"T00455","Tram","Station_46","Station_44",13,"Storm",9.98,60.94,35.23,30.24,"No Event",0,TRUE
"T00456","Train","Station_28","Station_12",4,"Cloudy",21.91,55.47,4.28,1.69,"Concert",0,FALSE
"T00457","Metro","Station_46","Station_20",3,"Rain",28.46,58.55,10.08,11.42,"No Event",0,FALSE
"T00458","Tram","Station_27","Station_45",13,"Snow",6.75,49.89,8.99,14.79,"Concert",0,TRUE
"T00459","Tram","Station_4","Station_20",14,"Snow",11.01,51.15,13.62,14.16,"No Event",0,TRUE
"T00460","Train","Station_15","Station_9",6,"Cloudy",18.81,57.01,11.94,1.69,"Sports",0,TRUE
"T00461","Bus","Station_35","Station_39",13,"Snow",9.48,45.81,4.81,12.92,"No Event",0,TRUE
"T00462","Train","Station_37","Station_4",1,"Fog",27.58,49.43,15.91,1.52,"Sports",0,FALSE
"T00463","Bus","Station_1","Station_19",17,"Rain",NA,61.05,11.13,3.98,"No Event",0,TRUE
"T00464","Metro","Station_3","Station_38",2,"Cloudy",28.58,62.6,17.25,2.66,"No Event",0,FALSE
"T00465","Tram","Station_47","Station_27",1,"Rain",17.93,40.54,11.14,5.85,"No Event",0,FALSE
"T00466","Metro","Station_24","Station_45",-2,"Clear",25.91,56.07,12.1,2.15,"No Event",0,FALSE
"T00467","Bus","Station_27","Station_43",-3,"Rain",20.98,52.41,8.12,11.95,"No Event",0,FALSE
"T00468","Bus","Station_40","Station_13",22,"Rain",19.47,52.4,14.5,3.77,"No Event",0,TRUE
"T00469","Metro","Station_36","Station_13",28,"Clear",24.68,48.66,17.8,1.9,"Parade",0,TRUE
"T00470","Bus","Station_34","Station_22",3,"Cloudy",23.88,61.09,13.9,1.79,"No Event",0,FALSE
"T00471","Metro","Station_29","Station_28",5,"Rain",15.91,49.47,23.63,2.04,"Sports",0,TRUE
"T00472","Tram","Station_24","Station_47",20,"Storm",12.47,45.67,46.79,22.79,"No Event",0,TRUE
"T00473","Metro","Station_24","Station_45",3,"Rain",22.23,45.16,23.56,11.82,"No Event",0,FALSE
"T00474","Tram","Station_42","Station_22",4,"Cloudy",23.51,51.87,21.96,2.02,"Concert",0,FALSE
"T00475","Metro","Station_4","Station_43",9,"Snow",4.15,44.83,13.41,13.96,"Festival",0,TRUE
"T00476","Bus","Station_3","Station_19",15,"Clear",28.01,60.9,21.43,1.98,"No Event",0,TRUE
"T00477","Metro","Station_34","Station_8",14,"Snow",6.51,49.45,20.28,13.91,"Festival",0,TRUE
"T00478","Bus","Station_49","Station_8",6,"Cloudy",26.12,48.64,14.93,1.86,"No Event",0,TRUE
"T00479","Metro","Station_23","Station_42",6,"Fog",35.99,55.81,19.14,1.68,"Concert",0,TRUE
"T00480","Metro","Station_23","Station_26",2,"Snow",5.38,45.17,10.04,15.49,"No Event",0,FALSE
"T00481","Train","Station_45","Station_48",5,"Rain",14.03,42.43,18.46,NA,"No Event",0,TRUE
"T00482","Bus","Station_5","Station_26",11,"Rain",13.76,45.58,13.63,5.13,"No Event",0,TRUE
"T00483","Train","Station_31","Station_23",-1,"Clear",30.83,47.89,21.64,1.61,"No Event",0,FALSE
"T00484","Bus","Station_41","Station_43",4,"Rain",20.72,55.97,15.68,6.04,"No Event",0,FALSE
"T00485","Train","Station_6","Station_13",31,"Storm",8.22,55.3,52,19.07,"No Event",0,TRUE
"T00486","Tram","Station_37","Station_28",23,"Storm",14.47,51.02,50.59,19.4,"Concert",0,TRUE
"T00487","Metro","Station_10","Station_9",15,"Snow",3.97,47.45,26.89,NA,"No Event",0,TRUE
"T00488","Bus","Station_40","Station_20",11,"Cloudy",25.07,55.82,8.15,1.98,"No Event",0,TRUE
"T00489","Bus","Station_7","Station_19",9,"Clear",23.93,47.08,18.68,1.87,"No Event",0,TRUE
"T00490","Metro","Station_39","Station_48",1,"Fog",27.82,53.3,10.29,2.1,"Sports",0,FALSE
"T00491","Bus","Station_38","Station_39",37,"Snow",2.22,53.34,22.66,13.72,"Sports",0,TRUE
"T00492","Bus","Station_21","Station_12",0,"Cloudy",21.09,51.42,19.45,2.3,"No Event",1,FALSE
"T00493","Train","Station_20","Station_15",8,"Clear",14.28,51.58,11.2,2.02,"No Event",1,TRUE
"T00494","Bus","Station_3","Station_31",4,"Clear",24.59,53.24,7.17,2.02,"No Event",1,FALSE
"T00495","Tram","Station_22","Station_14",23,"Snow",8.67,51.7,14.14,17.3,"Festival",1,TRUE
"T00496","Tram","Station_47","Station_11",3,"Cloudy",21.65,49.44,12.61,1.6,"Sports",0,FALSE
"T00497","Metro","Station_4","Station_26",-1,"Cloudy",24.42,55.82,12.89,1.72,"No Event",0,FALSE
"T00498","Bus","Station_28","Station_42",22,"Rain",26.15,45.03,NA,6.99,"Protest",0,TRUE
"T00499","Metro","Station_12","Station_27",-16,"Fog",32.72,58.3,15.22,2.18,"No Event",0,FALSE
"T00500","Tram","Station_38","Station_11",8,"Storm",12.63,NA,48.97,25.73,"No Event",0,TRUE
"T00501","Bus","Station_36","Station_38",13,"Rain",26.79,57.15,15.35,0.9,"Festival",0,TRUE
"T00502","Bus","Station_47","Station_34",3,"Clear",25.45,46.46,15.28,1.84,"Festival",0,FALSE
"T00503","Metro","Station_41","Station_43",1,"Fog",25.91,57.63,16.34,1.21,"Sports",0,FALSE
"T00504","Tram","Station_5","Station_19",2,"Fog",27.53,52.97,10.67,2.38,"No Event",0,FALSE
"T00505","Bus","Station_13","Station_6",13,"Cloudy",27.14,51.09,22.97,1.99,"No Event",0,TRUE
"T00506","Metro","Station_23","Station_46",2,"Fog",15.07,52.18,15.51,1.86,"Festival",0,FALSE
"T00507","Tram","Station_50","Station_38",8,"Snow",2.69,40.23,11.95,13.19,"Concert",0,TRUE
"T00508","Metro","Station_30","Station_49",-5,"Fog",17.49,57.36,22.88,2.26,"No Event",0,FALSE
"T00509","Train","Station_37","Station_42",-2,"Clear",24.66,54.98,15.53,1.82,"No Event",0,FALSE
"T00510","Bus","Station_25","Station_28",39,"Snow",10.8,47.49,11.18,15.61,"Festival",0,TRUE
"T00511","Train","Station_48","Station_1",13,"Snow",2.07,54.88,17.57,16.87,"Festival",0,TRUE
"T00512","Tram","Station_27","Station_35",17,"Rain",15.09,NA,11.39,4.29,"Concert",0,TRUE
"T00513","Train","Station_14","Station_40",2,"Fog",29.47,44.51,NA,1.77,"Sports",0,FALSE
"T00514","Train","Station_48","Station_8",-3,"Cloudy",22.18,50.31,16.73,1.41,"No Event",0,FALSE
"T00515","Tram","Station_47","Station_47",6,"Rain",28.1,52.66,16.66,4.19,"Concert",0,TRUE
"T00516","Metro","Station_36","Station_7",10,"Cloudy",24.12,NA,19.28,1.87,"Concert",0,TRUE
"T00517","Train","Station_39","Station_11",-4,"Fog",34.96,48.98,12.92,2.16,"No Event",0,FALSE
"T00518","Metro","Station_16","Station_39",0,"Rain",17.91,49.5,2.71,4.5,"Protest",0,FALSE
"T00519","Train","Station_22","Station_4",6,"Fog",17.46,45.92,12.97,2.1,"Festival",0,TRUE
"T00520","Metro","Station_21","Station_25",-1,"Clear",22.3,53.81,10.33,1.93,"No Event",0,FALSE
"T00521","Tram","Station_21","Station_12",4,"Rain",22.01,49.38,12.31,7.54,"Protest",0,FALSE
"T00522","Train","Station_8","Station_26",5,"Cloudy",25.45,44.64,19.64,2.53,"Concert",0,TRUE
"T00523","Tram","Station_49","Station_38",10,"Clear",30.11,49.34,15.67,1.93,"No Event",0,TRUE
"T00524","Train","Station_16","Station_46",11,"Storm",8.73,53.87,31.33,17.6,"Protest",0,TRUE
"T00525","Tram","Station_31","Station_12",-2,"Cloudy",20.48,46.47,12.67,1.83,"No Event",0,FALSE
"T00526","Tram","Station_42","Station_43",13,"Fog",21.55,47.69,10.48,1.99,"Sports",0,TRUE
"T00527","Train","Station_10","Station_37",4,"Cloudy",24.29,46.36,22.75,2.4,"No Event",0,FALSE
"T00528","Train","Station_32","Station_46",20,"Storm",12.97,54.94,51.36,21.16,"Sports",0,TRUE
"T00529","Train","Station_34","Station_24",-1,"Cloudy",25.81,48.43,23.88,1.79,"No Event",0,FALSE
"T00530","Bus","Station_9","Station_16",-1,"Clear",25.3,57.94,16.7,1.72,"No Event",0,FALSE
"T00531","Metro","Station_17","Station_13",32,"Snow",2.96,47.42,12.43,14.4,"No Event",0,TRUE
"T00532","Bus","Station_11","Station_25",11,"Cloudy",24.81,53.12,19.71,2.27,"No Event",1,TRUE
"T00533","Bus","Station_32","Station_4",30,"Rain",23.91,59.8,17.95,7.1,"No Event",1,TRUE
"T00534","Tram","Station_10","Station_11",25,"Storm",23.98,45.72,47.19,29.13,"No Event",1,TRUE
"T00535","Train","Station_22","Station_32",11,"Cloudy",24.11,54.32,11.27,1.81,"Sports",1,TRUE
"T00536","Metro","Station_17","Station_49",19,"Storm",19.92,59.95,48.35,16.45,"Festival",0,TRUE
"T00537","Tram","Station_4","Station_7",14,"Snow",2.58,52.34,17.76,14.81,"Festival",0,TRUE
"T00538","Bus","Station_48","Station_46",6,"Clear",19.51,49.92,11.21,2.35,"Festival",0,TRUE
"T00539","Train","Station_47","Station_11",1,"Rain",13.15,61.84,24.53,10.8,"Protest",0,FALSE
"T00540","Tram","Station_25","Station_28",-2,"Fog",29.58,35.79,9.44,2.36,"No Event",0,FALSE
"T00541","Train","Station_21","Station_41",3,"Cloudy",21.22,60.12,16.55,2.69,"Sports",0,FALSE
"T00542","Tram","Station_37","Station_23",4,"Clear",31.48,49.01,14.1,1.85,"Sports",0,FALSE
"T00543","Train","Station_38","Station_45",14,"Storm",30.13,53.79,57.4,16.63,"No Event",0,TRUE
"T00544","Bus","Station_49","Station_23",12,"Snow",-0.73,42.99,17.82,14.02,"Concert",0,TRUE
"T00545","Metro","Station_1","Station_50",9,"Storm",21.55,60.18,44.68,25.32,"No Event",0,TRUE
"T00546","Bus","Station_25","Station_28",12,"Snow",NA,53.68,23.41,16.81,"Festival",0,TRUE
"T00547","Metro","Station_36","Station_43",14,"Snow",5.14,50.13,8.09,13.66,"Concert",0,TRUE
"T00548","Train","Station_17","Station_47",11,"Clear",21.79,50.33,9.87,2.23,"Parade",0,TRUE
"T00549","Tram","Station_41","Station_26",-5,"Cloudy",13.8,41.04,15.1,1.98,"No Event",0,FALSE
"T00550","Bus","Station_24","Station_25",17,"Fog",32.78,55.72,16.12,1.7,"No Event",0,TRUE
"T00551","Metro","Station_2","Station_29",5,"Cloudy",NA,49.92,17.62,2.05,"Parade",0,TRUE
"T00552","Bus","Station_40","Station_19",-9,"Rain",21.72,53.09,14.59,4.39,"No Event",0,FALSE
"T00553","Metro","Station_15","Station_33",-2,"Cloudy",18.54,55.93,17.22,2.58,"No Event",0,FALSE
"T00554","Bus","Station_32","Station_36",13,"Snow",-7.7,51.62,15.63,16.11,"Concert",0,TRUE
"T00555","Metro","Station_39","Station_14",16,"Snow",NA,49.13,20.3,15.66,"Festival",0,TRUE
"T00556","Metro","Station_6","Station_14",0,"Rain",21.13,52.01,12.55,10.16,"No Event",0,FALSE
"T00557","Train","Station_1","Station_35",7,"Storm",19.73,NA,45.46,23.48,"No Event",0,TRUE
"T00558","Metro","Station_47","Station_30",7,"Snow",-0.0100000000000016,49.61,22.13,14.56,"No Event",0,TRUE
"T00559","Train","Station_23","Station_28",9,"Rain",22.27,53.1,16.05,NA,"No Event",0,TRUE
"T00560","Metro","Station_39","Station_17",7,"Snow",9.34,44.15,16.84,16.23,"No Event",0,TRUE
"T00561","Tram","Station_17","Station_3",6,"Fog",30.11,49.08,14.44,1.8,"Festival",0,TRUE
"T00562","Tram","Station_34","Station_16",11,"Snow",6.08,49.82,4.02,17.24,"Sports",0,TRUE
"T00563","Tram","Station_41","Station_46",8,"Clear",21.79,47.69,13.55,1.79,"Festival",0,TRUE
"T00564","Metro","Station_29","Station_30",1,"Rain",19.9,50.76,NA,-4.35,"No Event",0,FALSE
"T00565","Train","Station_9","Station_29",10,"Cloudy",23.88,58.78,12.55,2.08,"Concert",0,TRUE
"T00566","Train","Station_13","Station_45",13,"Rain",11.94,51.56,5.02,-2.69,"Parade",0,TRUE
"T00567","Metro","Station_6","Station_15",17,"Storm",0.640000000000001,53.34,40.54,22.06,"Concert",0,TRUE
"T00568","Tram","Station_6","Station_46",3,"Snow",-0.690000000000001,51.93,2.96,13.56,"No Event",0,FALSE
"T00569","Tram","Station_20","Station_25",3,"Rain",15.95,51.81,14.19,7.27,"Parade",0,FALSE
"T00570","Train","Station_3","Station_38",-1,"Fog",20.49,60.06,3.67,2.33,"No Event",0,FALSE
"T00571","Tram","Station_17","Station_42",1,"Rain",15.05,51.97,3.2,13.67,"Protest",0,FALSE
"T00572","Bus","Station_49","Station_47",15,"Fog",27.6,53.93,11.05,1.41,"No Event",0,TRUE
"T00573","Train","Station_12","Station_38",13,"Snow",0.800000000000001,47.87,17.89,14.64,"Concert",0,TRUE
"T00574","Tram","Station_48","Station_23",11,"Cloudy",21.36,53.33,11.87,2.19,"Festival",0,TRUE
"T00575","Train","Station_47","Station_25",5,"Snow",10.25,44.45,16.64,14.24,"No Event",0,TRUE
"T00576","Bus","Station_45","Station_42",33,"Storm",NA,57.49,NA,27.07,"No Event",0,TRUE
"T00577","Train","Station_1","Station_7",0,"Clear",28.1,55.76,16.61,1.8,"No Event",0,FALSE
"T00578","Train","Station_17","Station_22",-5,"Cloudy",19.49,53.01,7.9,2.26,"No Event",0,FALSE
"T00579","Train","Station_3","Station_17",-7,"Cloudy",18.51,39.96,21.68,2,"No Event",0,FALSE
"T00580","Train","Station_26","Station_18",0,"Clear",22.49,53.65,15.38,1.65,"Sports",0,FALSE
"T00581","Bus","Station_15","Station_49",11,"Rain",11.21,49.22,13.62,4.01,"No Event",0,TRUE
"T00582","Metro","Station_36","Station_41",9,"Snow",7.37,51.8,12.34,15.77,"No Event",0,TRUE
"T00583","Train","Station_32","Station_10",3,"Rain",24.2,61.72,23.94,5.41,"No Event",0,FALSE
"T00584","Train","Station_32","Station_10",-1,"Rain",24.54,58.8,17.65,13.25,"No Event",0,FALSE
"T00585","Tram","Station_4","Station_7",6,"Snow",6.21,50.96,19.07,16,"Concert",0,TRUE
"T00586","Train","Station_18","Station_48",15,"Storm",8.31,50.73,54.44,24,"Sports",0,TRUE
"T00587","Tram","Station_49","Station_50",9,"Cloudy",27.39,49.86,19.77,1.54,"Festival",0,TRUE
"T00588","Metro","Station_19","Station_38",4,"Fog",30.21,51.03,18.77,NA,"No Event",1,FALSE
"T00589","Bus","Station_43","Station_27",14,"Clear",24.65,60.48,5.46,2.29,"No Event",1,TRUE
"T00590","Bus","Station_35","Station_33",8,"Cloudy",17.93,50.08,13.81,2.26,"No Event",1,TRUE
"T00591","Metro","Station_40","Station_1",6,"Rain",29.87,52.08,9.24,7.34,"No Event",1,TRUE
"T00592","Bus","Station_14","Station_44",14,"Clear",27.22,58.34,23.84,1.94,"No Event",0,TRUE
"T00593","Metro","Station_33","Station_34",-6,"Fog",25.36,49.69,18.28,1.78,"Protest",0,FALSE
"T00594","Metro","Station_14","Station_4",-8,"Cloudy",17.45,47.42,14.32,1.81,"No Event",0,FALSE
"T00595","Metro","Station_34","Station_17",-8,"Cloudy",19.95,61.91,26.64,2,"No Event",0,FALSE
"T00596","Bus","Station_4","Station_4",19,"Storm",8.79,46.76,47.6,27.35,"Sports",0,TRUE
"T00597","Tram","Station_24","Station_43",-5,"Cloudy",32.24,54.59,15.4,2.02,"Concert",0,FALSE
"T00598","Metro","Station_29","Station_26",-3,"Cloudy",15.8,46.24,16.19,1.83,"No Event",0,FALSE
"T00599","Train","Station_19","Station_4",1,"Fog",17.83,52.97,10.56,2.28,"Concert",0,FALSE
"T00600","Bus","Station_6","Station_1",24,"Fog",30.41,45.97,24.18,1.79,"Parade",0,TRUE
"T00601","Metro","Station_33","Station_7",-2,"Clear",26.19,56.87,13,1.79,"No Event",0,FALSE
"T00602","Metro","Station_49","Station_30",1,"Rain",15.65,61.7,20.8,11.32,"No Event",0,FALSE
"T00603","Train","Station_40","Station_50",-4,"Fog",26.09,52.57,8.08,2.08,"No Event",0,FALSE
"T00604","Tram","Station_19","Station_9",2,"Clear",34.9,55.01,18.86,1.61,"Sports",0,FALSE
"T00605","Tram","Station_1","Station_35",-4,"Cloudy",22.49,51.11,10.43,2.56,"No Event",0,FALSE
"T00606","Tram","Station_5","Station_8",5,"Clear",19.91,60.93,12.23,2.17,"Parade",0,TRUE
"T00607","Metro","Station_27","Station_24",1,"Clear",24.96,46.7,6.76,1.21,"Sports",0,FALSE
"T00608","Metro","Station_16","Station_19",-3,"Clear",21.2,51.59,NA,1.78,"No Event",0,FALSE
"T00609","Metro","Station_6","Station_36",6,"Snow",3.89,41.01,26.74,14.42,"No Event",0,TRUE
"T00610","Bus","Station_40","Station_50",25,"Clear",25.79,53.28,NA,1.7,"No Event",0,TRUE
"T00611","Train","Station_13","Station_43",-8,"Fog",22.11,52.81,11.37,2.25,"No Event",0,FALSE
"T00612","Metro","Station_48","Station_27",21,"Snow",5.14,48.99,15.83,13.63,"Festival",0,TRUE
"T00613","Train","Station_35","Station_32",-1,"Rain",14.75,52.78,15.01,2.06,"No Event",0,FALSE
"T00614","Train","Station_19","Station_14",-8,"Clear",27.35,54.32,23,1.54,"No Event",0,FALSE
"T00615","Tram","Station_12","Station_18",7,"Storm",18.5,55.18,46.38,15.88,"No Event",0,TRUE
"T00616","Bus","Station_16","Station_28",0,"Cloudy",34.02,66.13,15.61,1.67,"No Event",0,FALSE
"T00617","Metro","Station_43","Station_29",-2,"Cloudy",26.95,53.97,23.54,2.57,"No Event",0,FALSE
"T00618","Tram","Station_10","Station_16",18,"Snow",4.2,43.98,14.87,14.75,"No Event",0,TRUE
"T00619","Tram","Station_25","Station_35",14,"Cloudy",16.28,49.27,11.37,1.64,"Concert",0,TRUE
"T00620","Metro","Station_20","Station_47",-2,"Cloudy",24.91,46.08,NA,2.13,"No Event",0,FALSE
"T00621","Train","Station_31","Station_31",0,"Snow",6.13,47.7,11.46,16.3,"No Event",0,FALSE
"T00622","Tram","Station_4","Station_4",4,"Cloudy",24.88,56.21,19.42,2.37,"Concert",0,FALSE
"T00623","Train","Station_44","Station_37",1,"Clear",21.14,43.64,18.37,2.06,"No Event",0,FALSE
"T00624","Bus","Station_23","Station_17",16,"Rain",12.36,54.27,24.64,8.91,"No Event",0,TRUE
"T00625","Train","Station_2","Station_39",3,"Snow",2.7,52.03,15.57,16.14,"No Event",0,FALSE
"T00626","Bus","Station_22","Station_48",9,"Storm",3.93,59.79,50.17,14.91,"No Event",0,TRUE
"T00627","Train","Station_37","Station_46",14,"Snow",15.12,49.56,16.34,13.35,"Parade",0,TRUE
"T00628","Tram","Station_8","Station_26",4,"Fog",31.67,48.78,20.01,2.5,"No Event",1,FALSE
"T00629","Tram","Station_7","Station_48",23,"Storm",2.48,57.59,38.2,25.67,"Concert",1,TRUE
"T00630","Bus","Station_14","Station_39",-10,"Fog",22.48,55.6,14.63,1.77,"No Event",1,FALSE
"T00631","Metro","Station_3","Station_41",21,"Snow",1.63,51.39,17.67,13.76,"No Event",1,TRUE
"T00632","Bus","Station_50","Station_4",6,"Fog",25.24,52.94,12.94,2.38,"Sports",0,TRUE
"T00633","Bus","Station_16","Station_30",34,"Storm",10.67,60.38,56.44,20.03,"No Event",0,TRUE
"T00634","Train","Station_19","Station_30",5,"Clear",17.45,49.97,15.07,1.82,"Sports",0,TRUE
"T00635","Train","Station_18","Station_22",1,"Snow",1.81,52.52,15.13,14.89,"No Event",0,FALSE
"T00636","Bus","Station_16","Station_11",7,"Snow",3.66,40,15.39,14.08,"No Event",0,TRUE
"T00637","Tram","Station_8","Station_2",1,"Cloudy",18.4,51.09,15.44,2.02,"Sports",0,FALSE
"T00638","Train","Station_33","Station_44",8,"Snow",8.13,48.03,10.43,14.55,"No Event",0,TRUE
"T00639","Metro","Station_49","Station_12",17,"Snow",-7.28,45.93,NA,14.37,"Sports",0,TRUE
"T00640","Train","Station_12","Station_30",-6,"Clear",35.33,52.58,19.64,2.11,"No Event",0,FALSE
"T00641","Train","Station_11","Station_36",9,"Cloudy",22.79,44.58,18.48,1.5,"Sports",0,TRUE
"T00642","Metro","Station_5","Station_18",2,"Rain",13.67,49.01,8.92,14.88,"No Event",0,FALSE
"T00643","Bus","Station_27","Station_26",8,"Fog",33.53,49.16,NA,NA,"Concert",0,TRUE
"T00644","Metro","Station_12","Station_7",16,"Storm",7.08,56.52,40.12,9.75,"Festival",0,TRUE
"T00645","Bus","Station_17","Station_1",16,"Rain",22.06,50.69,10.39,11.63,"No Event",0,TRUE
"T00646","Bus","Station_6","Station_26",-5,"Cloudy",17.64,56.92,10.73,1.87,"No Event",0,FALSE
"T00647","Bus","Station_33","Station_23",33,"Clear",23.34,56.29,18.65,NA,"Festival",0,TRUE
"T00648","Metro","Station_5","Station_26",18,"Storm",23.28,50.45,45.55,24.3,"No Event",0,TRUE
"T00649","Bus","Station_28","Station_45",4,"Fog",25.08,51.74,NA,2,"Concert",0,FALSE
"T00650","Tram","Station_14","Station_6",12,"Snow",12.47,46.98,14.11,16.09,"Festival",0,TRUE
"T00651","Metro","Station_5","Station_6",10,"Snow",7.76,46.74,8.25,16.05,"Concert",0,TRUE
"T00652","Tram","Station_33","Station_44",5,"Rain",19.71,46.87,16.44,9.36,"No Event",0,TRUE
"T00653","Bus","Station_50","Station_8",4,"Fog",29.35,52.63,11.33,1.75,"No Event",0,FALSE
"T00654","Train","Station_48","Station_24",-6,"Cloudy",NA,58.72,11.23,1.58,"No Event",0,FALSE
"T00655","Bus","Station_41","Station_22",-1,"Fog",21.77,50.85,11.65,1.69,"No Event",0,FALSE
"T00656","Tram","Station_19","Station_19",-2,"Clear",27.98,54.58,18.95,2.13,"No Event",0,FALSE
"T00657","Tram","Station_22","Station_37",-1,"Rain",NA,49.55,16.23,8.13,"Sports",0,FALSE
"T00658","Metro","Station_5","Station_18",6,"Rain",27.3,48.3,7.97,1.87,"No Event",0,TRUE
"T00659","Train","Station_2","Station_31",3,"Clear",33.15,61.41,10.67,1.73,"Festival",0,FALSE
"T00660","Metro","Station_30","Station_37",-4,"Fog",31.06,44.93,6.49,2.14,"Protest",0,FALSE
"T00661","Tram","Station_47","Station_30",5,"Clear",23.12,51.83,19.78,2.33,"Festival",0,TRUE
"T00662","Bus","Station_39","Station_42",12,"Storm",18.11,56.48,42.26,26.05,"No Event",0,TRUE
"T00663","Train","Station_4","Station_33",-4,"Clear",26.59,52.7,11.86,1.88,"No Event",0,FALSE
"T00664","Bus","Station_33","Station_10",4,"Fog",17.34,54.49,19.27,1.97,"No Event",0,FALSE
"T00665","Bus","Station_13","Station_37",12,"Clear",21.19,49.49,13.03,2.22,"No Event",0,TRUE
"T00666","Train","Station_20","Station_12",13,"Cloudy",9.68,53.22,19.65,2.05,"Concert",0,TRUE
"T00667","Metro","Station_7","Station_30",5,"Snow",15.73,54.32,27.2,14.74,"Protest",0,TRUE
"T00668","Bus","Station_15","Station_27",-2,"Clear",32.77,58.34,16.99,1.7,"No Event",0,FALSE
"T00669","Tram","Station_23","Station_39",7,"Snow",5.45,47.87,20.89,13.67,"No Event",0,TRUE
"T00670","Bus","Station_14","Station_9",3,"Clear",28.59,55.09,15.66,1.92,"No Event",0,FALSE
"T00671","Train","Station_23","Station_21",3,"Fog",27.8,40.98,22.36,1.74,"Sports",0,FALSE
"T00672","Train","Station_19","Station_12",22,"Storm",11.46,46.37,42.62,18.98,"Festival",0,TRUE
"T00673","Train","Station_29","Station_29",13,"Storm",11.51,56.1,36.91,16.33,"No Event",0,TRUE
"T00674","Metro","Station_20","Station_33",16,"Snow",-3.02,57.32,11.77,17.4,"No Event",0,TRUE
"T00675","Bus","Station_29","Station_43",21,"Fog",26.88,46.28,12.26,2.07,"Festival",0,TRUE
"T00676","Metro","Station_24","Station_15",-2,"Fog",28.15,48.34,12.53,1.78,"No Event",0,FALSE
"T00677","Metro","Station_18","Station_2",3,"Fog",8.03,53.03,16.32,NA,"Sports",0,FALSE
"T00678","Train","Station_10","Station_39",3,"Cloudy",32.96,49.84,7.14,1.8,"No Event",0,FALSE
"T00679","Train","Station_41","Station_44",1,"Rain",19.19,46.36,16.35,-1.99,"No Event",0,FALSE
"T00680","Metro","Station_8","Station_18",-6,"Clear",28.82,56.87,15.39,1.79,"No Event",0,FALSE
"T00681","Bus","Station_26","Station_3",11,"Fog",25.84,54.99,7.7,1.73,"Sports",0,TRUE
"T00682","Tram","Station_29","Station_7",-4,"Fog",25.61,48.11,24.14,2.07,"No Event",0,FALSE
"T00683","Metro","Station_10","Station_43",6,"Fog",31.02,54.23,7.67,1.89,"No Event",0,TRUE
"T00684","Bus","Station_17","Station_18",19,"Storm",15.18,58.39,39.74,13.14,"No Event",1,TRUE
"T00685","Train","Station_2","Station_44",2,"Fog",28.7,56.61,15.36,1.52,"No Event",1,FALSE
"T00686","Train","Station_6","Station_38",3,"Clear",27.66,53.54,14.64,1.97,"Festival",1,FALSE
"T00687","Bus","Station_5","Station_37",27,"Fog",26,53.78,18.49,1.7,"Protest",1,TRUE
"T00688","Tram","Station_28","Station_33",4,"Clear",29.22,59.07,26.44,2.46,"No Event",0,FALSE
"T00689","Train","Station_41","Station_44",7,"Cloudy",10.6,51.01,17.26,2.78,"Festival",0,TRUE
"T00690","Train","Station_5","Station_31",1,"Rain",24.03,53.77,12.42,6.82,"No Event",0,FALSE
"T00691","Train","Station_18","Station_11",13,"Storm",18.5,54.37,37.26,11.99,"No Event",0,TRUE
"T00692","Bus","Station_26","Station_4",8,"Clear",20.01,48.78,21.81,2.53,"Sports",0,TRUE
"T00693","Metro","Station_20","Station_18",7,"Snow",17.6,47.24,9.2,16,"No Event",0,TRUE
"T00694","Train","Station_41","Station_4",-2,"Cloudy",35.58,47.33,24.18,1.86,"No Event",0,FALSE
"T00695","Metro","Station_49","Station_49",6,"Rain",14.89,50.2,15.86,-1.2,"No Event",0,TRUE
"T00696","Tram","Station_27","Station_34",6,"Rain",19.21,60.52,8.03,13.48,"Sports",0,TRUE
"T00697","Train","Station_49","Station_29",0,"Rain",15.21,52.5,15.67,6.78,"No Event",0,FALSE
"T00698","Train","Station_12","Station_24",-14,"Clear",25.68,59.21,14.02,1.88,"No Event",0,FALSE
"T00699","Tram","Station_7","Station_22",-7,"Cloudy",13.69,57.86,15.34,1.77,"Protest",0,FALSE
"T00700","Train","Station_3","Station_2",-1,"Fog",20.61,52.96,9.65,1.71,"Sports",0,FALSE
"T00701","Metro","Station_10","Station_44",17,"Snow",1.59,47.92,19.77,13.38,"Sports",0,TRUE
"T00702","Bus","Station_34","Station_6",6,"Cloudy",22.08,50.8,NA,1.67,"No Event",0,TRUE
"T00703","Metro","Station_25","Station_42",3,"Cloudy",24.59,53.42,9.47,2.07,"No Event",0,FALSE
"T00704","Bus","Station_35","Station_25",20,"Cloudy",18.87,57.5,7.77,1.98,"No Event",0,TRUE
"T00705","Bus","Station_16","Station_21",20,"Clear",17.43,53.43,13.86,1.64,"Sports",0,TRUE
"T00706","Metro","Station_2","Station_16",11,"Snow",-1.63,51.41,12.23,18.5,"Sports",0,TRUE
"T00707","Metro","Station_24","Station_31",9,"Clear",28.08,43.83,16.18,1.71,"Parade",0,TRUE
"T00708","Metro","Station_10","Station_14",12,"Snow",6.04,42.67,8.58,16.46,"No Event",0,TRUE
"T00709","Metro","Station_38","Station_39",7,"Snow",0.25,53.03,9.21,15.76,"No Event",0,TRUE
"T00710","Tram","Station_22","Station_28",-1,"Clear",22.91,58.47,12.86,1.62,"No Event",0,FALSE
"T00711","Train","Station_26","Station_32",4,"Snow",5.3,44.34,10.19,16.12,"No Event",0,FALSE
"T00712","Bus","Station_43","Station_28",1,"Cloudy",19.03,41.76,22.88,2.09,"No Event",0,FALSE
"T00713","Metro","Station_39","Station_49",10,"Clear",22.91,48.1,13.24,1.63,"Parade",0,TRUE
"T00714","Metro","Station_27","Station_9",5,"Snow",12.79,49.82,18.05,17.3,"No Event",0,TRUE
"T00715","Metro","Station_29","Station_45",4,"Rain",16.02,50.69,11.54,7.89,"No Event",0,FALSE
"T00716","Tram","Station_47","Station_22",4,"Clear",20,55.77,12.9,1.83,"Concert",0,FALSE
"T00717","Metro","Station_38","Station_32",12,"Storm",20.52,58.59,38.47,22.96,"No Event",0,TRUE
"T00718","Metro","Station_20","Station_5",-4,"Clear",23.72,55.31,8.75,1.9,"Protest",0,FALSE
"T00719","Metro","Station_27","Station_23",12,"Clear",23.29,50.06,8.65,2.43,"Concert",0,TRUE
"T00720","Train","Station_41","Station_5",-4,"Clear",24.17,57.67,13.99,1.93,"No Event",0,FALSE
"T00721","Tram","Station_20","Station_42",14,"Snow",-0.670000000000002,52.16,13.86,15.18,"Concert",0,TRUE
"T00722","Metro","Station_44","Station_32",-1,"Clear",19,61.43,16.71,2.42,"No Event",0,FALSE
"T00723","Bus","Station_19","Station_10",28,"Storm",20.1,59.2,46.5,24,"No Event",0,TRUE
"T00724","Bus","Station_20","Station_39",8,"Fog",22.78,44.82,13.52,1.22,"No Event",1,TRUE
"T00725","Bus","Station_35","Station_15",13,"Clear",27.8,51.34,24.41,2.05,"No Event",1,TRUE
"T00726","Tram","Station_47","Station_7",6,"Rain",20.29,49.1,18.91,5.26,"No Event",1,TRUE
"T00727","Tram","Station_2","Station_29",16,"Storm",17.54,54.53,66.02,22.06,"No Event",1,TRUE
"T00728","Bus","Station_30","Station_47",-6,"Fog",25.85,59.19,19.72,2.1,"No Event",0,FALSE
"T00729","Metro","Station_34","Station_3",6,"Snow",-1.24,38.75,10.59,16.38,"No Event",0,TRUE
"T00730","Tram","Station_22","Station_19",6,"Clear",16.38,NA,17.27,2.08,"Concert",0,TRUE
"T00731","Bus","Station_3","Station_10",20,"Fog",35.95,53.56,13.96,2.47,"Parade",0,TRUE
"T00732","Bus","Station_6","Station_28",18,"Rain",15.14,47.12,11.13,2.78,"Concert",0,TRUE
"T00733","Metro","Station_15","Station_29",13,"Storm",3.63,57.22,49.77,17.73,"No Event",0,TRUE
"T00734","Train","Station_27","Station_15",7,"Storm",14.12,47.31,53.15,16.27,"Protest",0,TRUE
"T00735","Tram","Station_10","Station_35",20,"Snow",-0.170000000000002,50.59,15.21,15.05,"Concert",0,TRUE
"T00736","Metro","Station_9","Station_6",8,"Snow",-6.4,43.64,7.29,15.6,"No Event",0,TRUE
"T00737","Bus","Station_33","Station_12",32,"Snow",8.71,48.31,20.43,15.97,"No Event",0,TRUE
"T00738","Bus","Station_32","Station_47",-6,"Fog",30.79,46.98,27.25,1.62,"Sports",0,FALSE
"T00739","Metro","Station_48","Station_38",-3,"Clear",20.03,54.95,19.87,2.25,"Sports",0,FALSE
"T00740","Tram","Station_6","Station_13",19,"Cloudy",15.87,56.09,14.75,2.53,"Parade",0,TRUE
"T00741","Train","Station_41","Station_29",20,"Storm",15.91,55.42,48.83,24.31,"Concert",0,TRUE
"T00742","Train","Station_36","Station_19",6,"Cloudy",22.81,52.72,6.59,2.23,"Festival",0,TRUE
"T00743","Bus","Station_2","Station_3",13,"Storm",1.93,48.26,47.23,25.3,"No Event",0,TRUE
"T00744","Tram","Station_29","Station_8",11,"Snow",3.52,47.94,20.07,14.86,"No Event",0,TRUE
"T00745","Train","Station_4","Station_8",9,"Clear",26.06,52.16,22.73,2,"Festival",0,TRUE
"T00746","Tram","Station_1","Station_20",-5,"Clear",27.75,56.22,8.63,1.82,"No Event",0,FALSE
"T00747","Tram","Station_19","Station_47",10,"Storm",9.85,55.89,56.11,25.7,"No Event",0,TRUE
"T00748","Bus","Station_26","Station_4",-8,"Fog",19.85,42.48,13.69,1.85,"No Event",0,FALSE
"T00749","Train","Station_25","Station_21",14,"Snow",-11.97,52.31,19.63,14.1,"Sports",0,TRUE
"T00750","Metro","Station_10","Station_3",6,"Clear",20.7,59.82,8.52,1.93,"No Event",0,TRUE
"T00751","Bus","Station_15","Station_45",19,"Clear",16.96,59.56,15.94,1.77,"Concert",0,TRUE
"T00752","Train","Station_22","Station_8",0,"Rain",15.92,51.86,16.83,9.83,"No Event",0,FALSE
"T00753","Train","Station_48","Station_23",3,"Clear",22.34,NA,4.24,2.03,"No Event",0,FALSE
"T00754","Train","Station_21","Station_16",18,"Rain",17.17,44.97,8.47,1.65,"Parade",0,TRUE
"T00755","Train","Station_22","Station_13",8,"Clear",29.29,60.14,10.5,1.84,"No Event",0,TRUE
"T00756","Train","Station_36","Station_3",-1,"Clear",24.23,52.65,13.8,1.98,"No Event",0,FALSE
"T00757","Tram","Station_34","Station_48",1,"Fog",18.69,54.93,16.88,2.15,"No Event",0,FALSE
"T00758","Bus","Station_30","Station_9",-3,"Fog",19.61,49.38,NA,1.62,"No Event",0,FALSE
"T00759","Tram","Station_25","Station_14",8,"Snow",5.94,49.77,13.92,15.34,"No Event",0,TRUE
"T00760","Metro","Station_45","Station_13",12,"Clear",30.51,59.51,10.23,1.66,"No Event",0,TRUE
"T00761","Train","Station_28","Station_7",14,"Snow",7.29,43.39,18.27,13.87,"Parade",0,TRUE
"T00762","Bus","Station_1","Station_15",3,"Snow",3.17,46.81,18.2,14.39,"No Event",0,FALSE
"T00763","Train","Station_49","Station_7",9,"Snow",5.49,NA,6.66,13.59,"No Event",0,TRUE
"T00764","Bus","Station_45","Station_38",0,"Snow",0.859999999999999,43.68,10.98,16.14,"No Event",0,FALSE
"T00765","Tram","Station_4","Station_34",15,"Storm",6.76,47.83,38.79,21.07,"No Event",0,TRUE
"T00766","Bus","Station_7","Station_41",10,"Storm",8.3,46.39,53.4,33.02,"No Event",0,TRUE
"T00767","Metro","Station_49","Station_22",5,"Clear",21.97,53.01,19.31,1.98,"Concert",0,TRUE
"T00768","Metro","Station_9","Station_24",30,"Storm",13.02,43.91,53.92,30.73,"Parade",0,TRUE
"T00769","Bus","Station_36","Station_49",1,"Clear",27,49.68,5.06,1.9,"No Event",0,FALSE
"T00770","Bus","Station_19","Station_37",25,"Fog",19.93,60.77,16.07,1.83,"Concert",0,TRUE
"T00771","Bus","Station_1","Station_44",-1,"Cloudy",19.25,44.03,14.59,2.21,"No Event",0,FALSE
"T00772","Bus","Station_10","Station_1",17,"Rain",24.65,56.88,14.22,5.93,"Concert",0,TRUE
"T00773","Metro","Station_36","Station_10",9,"Storm",16.12,52.18,47.3,18.08,"No Event",0,TRUE
"T00774","Train","Station_9","Station_43",11,"Storm",2.52,51.16,50.79,21.94,"No Event",0,TRUE
"T00775","Bus","Station_45","Station_16",12,"Fog",26.25,54.24,NA,2.18,"No Event",0,TRUE
"T00776","Bus","Station_46","Station_46",37,"Storm",3.56,56.12,51.47,21.16,"No Event",0,TRUE
"T00777","Metro","Station_42","Station_8",-3,"Clear",NA,65.54,22.46,1.92,"Sports",0,FALSE
"T00778","Metro","Station_32","Station_49",0,"Clear",29.16,53.31,12.03,1.94,"No Event",0,FALSE
"T00779","Tram","Station_32","Station_25",-5,"Cloudy",12.82,51.77,10.98,1.46,"No Event",0,FALSE
"T00780","Bus","Station_6","Station_50",27,"Cloudy",20.5,50.6,20.19,2.11,"Festival",1,TRUE
"T00781","Tram","Station_48","Station_12",11,"Cloudy",16.09,54.1,20.86,2.3,"No Event",1,TRUE
"T00782","Metro","Station_38","Station_25",7,"Clear",27.39,50.67,14.4,1.65,"Sports",1,TRUE
"T00783","Metro","Station_17","Station_17",9,"Snow",8.82,53.68,16.14,16.29,"No Event",1,TRUE
"T00784","Train","Station_10","Station_26",9,"Snow",0.550000000000001,45.66,9.1,14.72,"No Event",0,TRUE
"T00785","Bus","Station_50","Station_46",4,"Cloudy",14.94,48.81,25.35,1.66,"No Event",0,FALSE
"T00786","Tram","Station_27","Station_48",-1,"Cloudy",24.86,49.69,20.97,2.16,"No Event",0,FALSE
"T00787","Metro","Station_50","Station_14",-3,"Clear",23.69,52.87,10.52,2.3,"No Event",0,FALSE
"T00788","Metro","Station_35","Station_41",0,"Fog",27.41,58.65,14.29,2.08,"Sports",0,FALSE
"T00789","Tram","Station_21","Station_36",12,"Storm",11.47,45.63,39.74,19.82,"Sports",0,TRUE
"T00790","Train","Station_25","Station_23",6,"Rain",NA,48.66,13.53,5.06,"Concert",0,TRUE
"T00791","Metro","Station_28","Station_43",16,"Snow",NA,53.19,23.03,15.94,"Festival",0,TRUE
"T00792","Bus","Station_47","Station_6",18,"Snow",1.36,45.9,13.44,15.04,"Festival",0,TRUE
"T00793","Metro","Station_15","Station_47",2,"Clear",26.91,60.27,12.69,2.48,"No Event",0,FALSE
"T00794","Bus","Station_4","Station_5",11,"Clear",28.3,52.28,14.96,2.15,"Concert",0,TRUE
"T00795","Tram","Station_29","Station_43",-3,"Rain",20.39,52.52,12.58,12.53,"No Event",0,FALSE
"T00796","Bus","Station_9","Station_25",40,"Rain",18.69,53.67,9.6,11.07,"Protest",0,TRUE
"T00797","Tram","Station_27","Station_18",4,"Cloudy",15.57,56.2,13.6,2.76,"Protest",0,FALSE
"T00798","Bus","Station_26","Station_13",18,"Rain",19.05,49.98,15.96,NA,"No Event",0,TRUE
"T00799","Tram","Station_19","Station_43",19,"Storm",7.65,53.52,39.29,24.07,"No Event",0,TRUE
"T00800","Bus","Station_28","Station_14",21,"Storm",12.28,54.15,46.7,27.08,"Festival",0,TRUE
"T00801","Train","Station_17","Station_28",5,"Snow",9.28,45.4,12.08,13.17,"No Event",0,TRUE
"T00802","Bus","Station_43","Station_18",8,"Storm",14.78,50.55,48.3,13.74,"No Event",0,TRUE
"T00803","Bus","Station_41","Station_28",9,"Storm",17.63,56.63,63.54,29.91,"No Event",0,TRUE
"T00804","Train","Station_42","Station_27",11,"Storm",14.72,62.36,50.55,22.56,"No Event",0,TRUE
"T00805","Metro","Station_50","Station_32",-5,"Cloudy",19.84,47.03,13.98,2.26,"No Event",0,FALSE
"T00806","Metro","Station_20","Station_47",6,"Snow",-1.57,57.55,7.72,15.91,"No Event",0,TRUE
"T00807","Bus","Station_45","Station_9",-4,"Clear",25.9,63.75,18.02,1.76,"No Event",0,FALSE
"T00808","Train","Station_40","Station_40",18,"Snow",20.4,45.88,12.87,13.41,"Festival",0,TRUE
"T00809","Bus","Station_39","Station_32",-3,"Snow",6.05,49.81,18.06,15.22,"No Event",0,FALSE
"T00810","Tram","Station_49","Station_20",7,"Snow",14.1,47.31,18.29,14.23,"No Event",0,TRUE
"T00811","Tram","Station_23","Station_28",4,"Rain",19.15,56.36,14.11,1.37,"No Event",0,FALSE
"T00812","Bus","Station_47","Station_33",5,"Clear",27.03,59.32,2.72,1.62,"No Event",0,TRUE
"T00813","Metro","Station_32","Station_4",11,"Rain",23.95,46.02,17.67,3.91,"Parade",0,TRUE
"T00814","Metro","Station_47","Station_46",-2,"Cloudy",28.03,50.41,14.2,1.98,"Protest",0,FALSE
"T00815","Bus","Station_33","Station_34",9,"Cloudy",22.62,52.02,13.89,NA,"No Event",0,TRUE
"T00816","Bus","Station_46","Station_48",7,"Fog",33.29,54.97,16.37,2.37,"No Event",0,TRUE
"T00817","Tram","Station_5","Station_3",9,"Fog",22.49,52.42,26.67,2.14,"Concert",0,TRUE
"T00818","Metro","Station_43","Station_26",0,"Cloudy",33.62,53.77,13.71,1.83,"No Event",0,FALSE
"T00819","Bus","Station_48","Station_8",-4,"Cloudy",18.58,54.04,20.72,2.2,"No Event",0,FALSE
"T00820","Tram","Station_34","Station_6",8,"Rain",16.89,55.56,17.99,7.19,"No Event",1,TRUE
"T00821","Metro","Station_40","Station_16",16,"Cloudy",12.48,53.01,17.66,2.02,"Parade",1,TRUE
"T00822","Train","Station_11","Station_24",25,"Clear",25.89,64.65,15.23,2.03,"No Event",1,TRUE
"T00823","Tram","Station_50","Station_48",9,"Rain",14.51,53.16,17.29,9.52,"No Event",1,TRUE
"T00824","Metro","Station_3","Station_39",-2,"Cloudy",20.36,69.88,13.64,1.82,"No Event",0,FALSE
"T00825","Metro","Station_33","Station_30",6,"Rain",21.71,49.69,16.42,10.9,"No Event",0,TRUE
"T00826","Tram","Station_11","Station_45",9,"Rain",16.36,39.79,15.71,10.15,"No Event",0,TRUE
"T00827","Train","Station_16","Station_13",26,"Storm",12.29,50.26,43.87,25.05,"No Event",0,TRUE
"T00828","Tram","Station_18","Station_5",0,"Fog",32.89,46.89,7.67,1.87,"Festival",0,FALSE
"T00829","Metro","Station_30","Station_25",-1,"Rain",19.75,61.35,18.01,11.47,"No Event",0,FALSE
"T00830","Bus","Station_48","Station_20",18,"Snow",6.46,53.91,13.79,15.47,"No Event",0,TRUE
"T00831","Bus","Station_10","Station_18",18,"Rain",28.75,55.34,23.81,4.26,"No Event",0,TRUE
"T00832","Tram","Station_18","Station_47",16,"Snow",5.65,46.42,23.89,13.9,"Sports",0,TRUE
"T00833","Metro","Station_38","Station_18",11,"Storm",2.11,55.64,37.62,16.5,"No Event",0,TRUE
"T00834","Bus","Station_19","Station_2",8,"Cloudy",31.68,51.06,15.58,1.83,"No Event",0,TRUE
"T00835","Metro","Station_36","Station_10",8,"Rain",13.3,59.03,4.99,3.83,"Sports",0,TRUE
"T00836","Tram","Station_13","Station_45",12,"Storm",14.43,50.8,41.35,6.82,"No Event",0,TRUE
"T00837","Bus","Station_46","Station_50",13,"Clear",26.49,58,11.4,1.46,"Festival",0,TRUE
"T00838","Metro","Station_3","Station_47",14,"Storm",10.93,54.12,53.17,14.18,"No Event",0,TRUE
"T00839","Bus","Station_10","Station_12",14,"Fog",22.6,45.47,13.35,NA,"No Event",0,TRUE
"T00840","Tram","Station_38","Station_47",-1,"Fog",25.45,57.19,4.27,1.62,"No Event",0,FALSE
"T00841","Metro","Station_1","Station_13",16,"Cloudy",30.32,47.68,9.37,1.8,"No Event",0,TRUE
"T00842","Bus","Station_27","Station_50",24,"Snow",3.81,50.38,6.07,15.47,"Concert",0,TRUE
"T00843","Tram","Station_46","Station_47",3,"Cloudy",22.01,61.08,23.08,2.02,"No Event",0,FALSE
"T00844","Bus","Station_8","Station_11",20,"Snow",15.58,63.06,17.89,14.17,"No Event",0,TRUE
"T00845","Bus","Station_46","Station_19",29,"Snow",3.92,50.1,9.85,13.96,"Festival",0,TRUE
"T00846","Train","Station_42","Station_35",10,"Snow",1.32,47.15,7.85,16.06,"Concert",0,TRUE
"T00847","Train","Station_17","Station_39",8,"Snow",2.46,44.14,6.34,17,"No Event",0,TRUE
"T00848","Tram","Station_9","Station_26",6,"Fog",19.39,38.79,19.49,1.56,"No Event",0,TRUE
"T00849","Train","Station_6","Station_46",4,"Fog",22.78,43.96,21.97,2.35,"No Event",0,FALSE
"T00850","Tram","Station_43","Station_14",2,"Rain",21.21,42.17,8.16,NA,"Sports",0,FALSE
"T00851","Train","Station_25","Station_45",0,"Fog",24.74,48.27,20.41,2.06,"Protest",0,FALSE
"T00852","Bus","Station_39","Station_44",18,"Cloudy",NA,58.72,NA,1.82,"No Event",0,TRUE
"T00853","Tram","Station_49","Station_24",-1,"Fog",24.42,48.63,17.87,1.62,"No Event",0,FALSE
"T00854","Tram","Station_28","Station_41",1,"Cloudy",26.89,46.82,25.68,1.77,"No Event",0,FALSE
"T00855","Bus","Station_33","Station_1",1,"Clear",19.26,NA,14.43,1.79,"No Event",0,FALSE
"T00856","Tram","Station_37","Station_43",8,"Fog",26.73,55.14,12.41,2.08,"Sports",0,TRUE
"T00857","Tram","Station_9","Station_22",3,"Cloudy",8.74,48.69,11.72,2.26,"No Event",0,FALSE
"T00858","Train","Station_18","Station_23",0,"Snow",4.71,42.12,10.61,13.06,"No Event",0,FALSE
"T00859","Tram","Station_21","Station_19",14,"Storm",8.61,58.09,48.47,32.37,"No Event",0,TRUE
"T00860","Metro","Station_2","Station_18",6,"Snow",9.62,45.08,7.65,14.93,"No Event",0,TRUE
"T00861","Bus","Station_43","Station_12",13,"Rain",18.71,52.91,15.16,7.42,"No Event",0,TRUE
"T00862","Train","Station_38","Station_28",8,"Cloudy",NA,53.58,7.61,2.2,"Festival",0,TRUE
"T00863","Train","Station_40","Station_28",9,"Snow",5.5,43.4,22.38,14.18,"Sports",0,TRUE
"T00864","Metro","Station_36","Station_33",-4,"Fog",28.29,57.11,10.2,NA,"No Event",0,FALSE
"T00865","Bus","Station_50","Station_19",11,"Fog",27.95,52.24,10.48,1.92,"Sports",0,TRUE
"T00866","Bus","Station_43","Station_28",21,"Clear",21.04,49.83,12.57,1.96,"Concert",0,TRUE
"T00867","Train","Station_37","Station_49",13,"Storm",6.39,51.46,38.21,NA,"No Event",0,TRUE
"T00868","Tram","Station_15","Station_37",-6,"Cloudy",28.33,50.08,16.16,1.49,"No Event",0,FALSE
"T00869","Train","Station_28","Station_26",5,"Snow",-10.09,52.39,1.28,14,"No Event",0,TRUE
"T00870","Bus","Station_18","Station_35",27,"Storm",12.45,59.1,49.87,10.77,"No Event",0,TRUE
"T00871","Metro","Station_34","Station_34",-5,"Clear",26.21,63.04,14.74,1.64,"Protest",0,FALSE
"T00872","Train","Station_22","Station_35",-2,"Rain",22.49,60.3,15.66,5.02,"No Event",0,FALSE
"T00873","Bus","Station_11","Station_40",41,"Storm",7.43,59.44,42.28,15.19,"Festival",0,TRUE
"T00874","Train","Station_13","Station_16",1,"Clear",29.79,53.36,5.75,2.4,"Sports",0,FALSE
"T00875","Tram","Station_4","Station_38",2,"Cloudy",22.25,52.79,15.76,2.29,"No Event",0,FALSE
"T00876","Train","Station_22","Station_13",24,"Rain",14.98,NA,18.21,6.74,"Protest",1,TRUE
"T00877","Train","Station_7","Station_23",2,"Fog",26.83,48.36,12.27,2.26,"No Event",1,FALSE
"T00878","Bus","Station_43","Station_22",21,"Clear",25.08,49.48,17.53,1.75,"No Event",1,TRUE
"T00879","Bus","Station_24","Station_16",38,"Fog",25.77,56.23,20,1.87,"Concert",1,TRUE
"T00880","Bus","Station_4","Station_28",1,"Rain",27.48,49.47,18.26,15.09,"No Event",0,FALSE
"T00881","Train","Station_28","Station_48",1,"Clear",26.79,49.49,15.72,1.62,"No Event",0,FALSE
"T00882","Tram","Station_15","Station_35",1,"Clear",17.88,45.95,12.51,1.86,"Concert",0,FALSE
"T00883","Metro","Station_1","Station_45",5,"Rain",24.47,54.87,10.14,1.34,"Festival",0,TRUE
"T00884","Metro","Station_3","Station_46",-6,"Cloudy",27.99,61.26,24.49,2.56,"No Event",0,FALSE
"T00885","Bus","Station_14","Station_8",6,"Clear",32.09,52.92,17.91,2,"No Event",0,TRUE
"T00886","Bus","Station_38","Station_44",28,"Rain",20.98,52.15,12.58,-0.31,"No Event",0,TRUE
"T00887","Train","Station_50","Station_22",19,"Storm",13.62,56.57,40.61,13,"Concert",0,TRUE
"T00888","Metro","Station_1","Station_21",0,"Fog",22.5,NA,15.2,1.53,"No Event",0,FALSE
"T00889","Bus","Station_38","Station_26",16,"Clear",19.35,52.36,12.06,2.18,"Festival",0,TRUE
"T00890","Tram","Station_38","Station_40",11,"Storm",12.86,41.88,39.55,14.65,"Concert",0,TRUE
"T00891","Tram","Station_21","Station_21",1,"Clear",28.77,52.51,17.85,2.1,"Concert",0,FALSE
"T00892","Bus","Station_48","Station_25",25,"Cloudy",25.72,56.64,12.94,1.81,"Festival",0,TRUE
"T00893","Bus","Station_29","Station_41",31,"Rain",18.1,61.01,12.88,8.01,"Festival",0,TRUE
"T00894","Metro","Station_5","Station_1",-3,"Clear",NA,47.97,15.27,2.08,"No Event",0,FALSE
"T00895","Metro","Station_49","Station_6",3,"Rain",15.38,64.02,NA,2.87,"No Event",0,FALSE
"T00896","Train","Station_10","Station_23",16,"Snow",0.800000000000001,51.68,12.39,14.14,"Sports",0,TRUE
"T00897","Metro","Station_28","Station_23",8,"Clear",28.02,44.78,NA,2.15,"Parade",0,TRUE
"T00898","Tram","Station_21","Station_43",5,"Cloudy",13.38,50.39,19.89,1.96,"Concert",0,TRUE
"T00899","Tram","Station_50","Station_43",-3,"Cloudy",28.72,55.96,13.52,2.49,"No Event",0,FALSE
"T00900","Bus","Station_7","Station_23",33,"Storm",8.98,54.34,NA,16.19,"Concert",0,TRUE
"T00901","Metro","Station_3","Station_32",-4,"Cloudy",25.46,NA,16.53,1.59,"No Event",0,FALSE
"T00902","Train","Station_45","Station_30",10,"Rain",29.08,54.98,11.77,2.01,"Parade",0,TRUE
"T00903","Tram","Station_47","Station_13",24,"Snow",1.58,49.75,13.15,16.12,"No Event",0,TRUE
"T00904","Tram","Station_20","Station_43",10,"Cloudy",34.31,51.67,11.63,1.84,"Festival",0,TRUE
"T00905","Train","Station_19","Station_18",-2,"Clear",21.7,57.92,15.44,2.53,"No Event",0,FALSE
"T00906","Train","Station_35","Station_23",6,"Cloudy",18.91,48.29,17.49,1.92,"Festival",0,TRUE
"T00907","Tram","Station_4","Station_15",4,"Snow",7.92,47.21,13.83,NA,"No Event",0,FALSE
"T00908","Tram","Station_5","Station_33",7,"Rain",15.19,48.24,NA,2.41,"Sports",0,TRUE
"T00909","Train","Station_1","Station_21",8,"Clear",26.49,44.37,12.17,2.26,"Parade",0,TRUE
"T00910","Tram","Station_4","Station_39",20,"Storm",15.53,48.06,43.45,NA,"Concert",0,TRUE
"T00911","Bus","Station_12","Station_23",41,"Storm",0.809999999999999,57.01,39.75,NA,"Concert",0,TRUE
"T00912","Bus","Station_27","Station_27",4,"Storm",6.67,55.42,45.59,15.13,"No Event",0,FALSE
"T00913","Train","Station_42","Station_45",-4,"Clear",19.69,51.34,7.03,1.93,"No Event",0,FALSE
"T00914","Metro","Station_23","Station_44",24,"Storm",8.96,43.09,42.41,27.52,"Festival",0,TRUE
"T00915","Train","Station_25","Station_18",2,"Cloudy",22.61,52.28,19.4,2,"No Event",0,FALSE
"T00916","Train","Station_21","Station_24",-4,"Clear",17.46,49.65,15.35,1.98,"Sports",1,FALSE
"T00917","Metro","Station_24","Station_47",10,"Clear",18.29,44.23,14.2,1.81,"Concert",1,TRUE
"T00918","Metro","Station_25","Station_40",10,"Clear",18.46,65.25,20.21,2.55,"No Event",1,TRUE
"T00919","Metro","Station_45","Station_42",5,"Fog",23.73,59.36,14.97,2.02,"No Event",1,TRUE
"T00920","Bus","Station_46","Station_7",37,"Rain",8.55,57.71,15,4.13,"No Event",0,TRUE
"T00921","Tram","Station_32","Station_50",2,"Fog",28.56,55.47,14.3,2.01,"No Event",0,FALSE
"T00922","Bus","Station_32","Station_48",9,"Fog",18.17,54.07,11.68,1.84,"Festival",0,TRUE
"T00923","Tram","Station_5","Station_20",8,"Fog",25.73,57.12,25.03,2.5,"Sports",0,TRUE
"T00924","Bus","Station_36","Station_27",16,"Rain",19.37,56.35,16.72,8.25,"No Event",0,TRUE
"T00925","Tram","Station_46","Station_6",3,"Fog",31.45,50.43,15.79,1.66,"No Event",0,FALSE
"T00926","Bus","Station_42","Station_27",42,"Storm",16.86,54.08,45.13,19.19,"Concert",0,TRUE
"T00927","Metro","Station_49","Station_9",0,"Clear",21.61,50.53,18.53,2.25,"No Event",0,FALSE
"T00928","Train","Station_42","Station_45",-1,"Clear",25.5,52.3,11.81,2.04,"No Event",0,FALSE
"T00929","Bus","Station_39","Station_31",-8,"Cloudy",36.04,49.43,15.79,2.58,"No Event",0,FALSE
"T00930","Tram","Station_16","Station_21",18,"Snow",1.08,40.68,20.89,14.08,"Festival",0,TRUE
"T00931","Metro","Station_33","Station_26",18,"Storm",17.04,59.59,54.5,9.52,"No Event",0,TRUE
"T00932","Bus","Station_49","Station_40",18,"Rain",18.67,47.07,15.24,6.53,"No Event",0,TRUE
"T00933","Bus","Station_21","Station_48",18,"Snow",2.3,55.09,13.19,16.93,"Parade",0,TRUE
"T00934","Metro","Station_9","Station_45",10,"Clear",24.83,57.77,5.89,2.09,"No Event",0,TRUE
"T00935","Bus","Station_6","Station_13",15,"Fog",23.74,58.27,12.93,2.1,"Festival",0,TRUE
"T00936","Train","Station_45","Station_49",-6,"Cloudy",22.19,NA,13.27,1.51,"No Event",0,FALSE
"T00937","Bus","Station_35","Station_23",21,"Cloudy",16.14,46.79,20.97,1.74,"No Event",0,TRUE
"T00938","Train","Station_39","Station_20",2,"Clear",22.07,45.92,17.04,2.03,"No Event",0,FALSE
"T00939","Train","Station_22","Station_37",8,"Storm",8.67,60.49,52.83,20.68,"No Event",0,TRUE
"T00940","Metro","Station_41","Station_28",9,"Snow",3.04,49.38,11.71,14.66,"No Event",0,TRUE
"T00941","Bus","Station_5","Station_17",5,"Cloudy",15.5,47.47,13.39,1.87,"No Event",0,TRUE
"T00942","Metro","Station_42","Station_28",-2,"Clear",22.45,51.91,15.57,1.89,"No Event",0,FALSE
"T00943","Bus","Station_23","Station_41",27,"Storm",22.88,57.81,NA,21,"No Event",0,TRUE
"T00944","Bus","Station_17","Station_2",2,"Clear",29.91,46.34,11.82,2.36,"Concert",0,FALSE
"T00945","Tram","Station_12","Station_25",-6,"Clear",26.33,61.84,15.25,1.85,"Protest",0,FALSE
"T00946","Bus","Station_23","Station_50",27,"Storm",22.28,47.77,45.83,26.82,"Festival",0,TRUE
"T00947","Metro","Station_16","Station_41",6,"Storm",24.14,38.52,50.8,17.91,"No Event",0,TRUE
"T00948","Train","Station_3","Station_6",28,"Storm",10.62,54.52,52.42,17.88,"Festival",0,TRUE
"T00949","Bus","Station_30","Station_11",12,"Clear",22.71,46.98,21.74,2.08,"No Event",0,TRUE
"T00950","Tram","Station_22","Station_38",-3,"Cloudy",18.9,61.26,19.63,2.12,"No Event",0,FALSE
"T00951","Metro","Station_9","Station_6",3,"Rain",26.01,59.94,17.08,4.98,"No Event",0,FALSE
"T00952","Bus","Station_29","Station_45",26,"Rain",27.28,67.07,12.89,8.97,"Sports",0,TRUE
"T00953","Metro","Station_47","Station_11",4,"Clear",21.36,50.34,10.22,1.62,"Festival",0,FALSE
"T00954","Tram","Station_37","Station_14",4,"Clear",19.76,48.4,16.26,1.39,"Concert",0,FALSE
"T00955","Tram","Station_23","Station_2",-5,"Cloudy",31.38,46.58,16.04,1.89,"No Event",0,FALSE
"T00956","Metro","Station_13","Station_40",18,"Storm",5.33,47.07,47.34,20.05,"Concert",0,TRUE
"T00957","Bus","Station_32","Station_3",9,"Clear",20.97,55.39,20.05,2.11,"No Event",0,TRUE
"T00958","Train","Station_46","Station_35",-4,"Fog",28.18,56.9,16.01,2.19,"No Event",0,FALSE
"T00959","Tram","Station_47","Station_33",12,"Storm",18.78,48.41,49.83,9.8,"No Event",0,TRUE
"T00960","Bus","Station_48","Station_24",25,"Clear",28.09,53.46,19.21,2.37,"No Event",0,TRUE
"T00961","Bus","Station_23","Station_19",3,"Fog",26.5,53.68,17.52,2.21,"No Event",0,FALSE
"T00962","Train","Station_45","Station_18",6,"Snow",-3.8,55.34,11.5,15.19,"Sports",0,TRUE
"T00963","Tram","Station_17","Station_49",-2,"Cloudy",19.47,48.53,9.14,2.23,"No Event",0,FALSE
"T00964","Tram","Station_40","Station_24",-5,"Fog",31.63,52.21,13.5,NA,"No Event",0,FALSE
"T00965","Bus","Station_21","Station_45",-10,"Clear",27.31,56.66,14.27,1.75,"No Event",0,FALSE
"T00966","Bus","Station_2","Station_35",30,"Rain",10.48,57.94,14.91,7.64,"Parade",0,TRUE
"T00967","Train","Station_37","Station_1",-1,"Clear",NA,52.49,11.7,2.72,"No Event",0,FALSE
"T00968","Train","Station_6","Station_36",1,"Rain",21.09,56.31,24.3,6.87,"No Event",0,FALSE
"T00969","Tram","Station_44","Station_25",-7,"Cloudy",21.34,61.71,7.62,2.07,"No Event",0,FALSE
"T00970","Metro","Station_18","Station_45",2,"Cloudy",30.94,56.21,17.27,1.78,"Concert",0,FALSE
"T00971","Tram","Station_30","Station_49",9,"Storm",14.71,43.94,45.94,12.09,"No Event",0,TRUE
"T00972","Bus","Station_22","Station_43",24,"Storm",15.55,NA,36.12,12.97,"No Event",1,TRUE
"T00973","Tram","Station_33","Station_34",7,"Rain",20.73,48.62,13.73,3.91,"No Event",1,TRUE
"T00974","Metro","Station_30","Station_25",15,"Rain",13.52,54.58,10.9,9.1,"No Event",1,TRUE
"T00975","Train","Station_17","Station_16",7,"Cloudy",18.57,50.94,18.03,1.85,"No Event",1,TRUE
"T00976","Metro","Station_43","Station_34",-5,"Fog",23.48,53.55,24.54,2.03,"Concert",0,FALSE
"T00977","Metro","Station_32","Station_29",12,"Rain",14.82,51.33,13.67,1.83,"Festival",0,TRUE
"T00978","Metro","Station_42","Station_19",5,"Rain",NA,62.21,18.65,1.65,"Festival",0,TRUE
"T00979","Train","Station_14","Station_23",-2,"Fog",19.9,55.93,12.71,1.95,"Concert",0,FALSE
"T00980","Metro","Station_10","Station_19",16,"Storm",17.85,52.59,49.49,25.79,"No Event",0,TRUE
"T00981","Metro","Station_47","Station_25",21,"Storm",14.61,45.21,56.03,17.03,"Protest",0,TRUE
"T00982","Metro","Station_36","Station_16",-2,"Rain",19.32,55.17,21.9,NA,"Protest",0,FALSE
"T00983","Bus","Station_34","Station_9",25,"Storm",10.26,NA,44.15,23.82,"Protest",0,TRUE
"T00984","Metro","Station_9","Station_1",18,"Storm",4.83,58.62,38.99,27.53,"No Event",0,TRUE
"T00985","Train","Station_42","Station_42",5,"Snow",14.84,55.59,11.95,14.45,"No Event",0,TRUE
"T00986","Metro","Station_28","Station_19",24,"Storm",11.1,57.47,26.89,21.97,"Parade",0,TRUE
"T00987","Metro","Station_11","Station_33",12,"Cloudy",24.95,53.54,17.02,1.93,"Parade",0,TRUE
"T00988","Train","Station_14","Station_34",5,"Clear",27.52,50.24,12.56,1.32,"No Event",0,TRUE
"T00989","Metro","Station_39","Station_16",15,"Rain",26.83,53.06,11.39,3.9,"Parade",0,TRUE
"T00990","Train","Station_47","Station_44",3,"Rain",18.5,60.88,21.03,12.83,"Sports",0,FALSE
"T00991","Metro","Station_19","Station_40",-3,"Cloudy",26.53,51.98,7.31,2.04,"No Event",0,FALSE
"T00992","Train","Station_15","Station_18",-1,"Clear",35.58,47.15,15.93,1.77,"No Event",0,FALSE
"T00993","Metro","Station_28","Station_34",-6,"Clear",18.49,54.78,7.19,1.65,"No Event",0,FALSE
"T00994","Metro","Station_24","Station_25",-4,"Cloudy",21.24,54.96,14.96,1.65,"No Event",0,FALSE
"T00995","Bus","Station_8","Station_45",8,"Fog",15.58,49.06,15.66,1.75,"Parade",0,TRUE
"T00996","Bus","Station_43","Station_6",7,"Fog",31.85,52.07,13.23,2.49,"No Event",0,TRUE
"T00997","Metro","Station_9","Station_21",9,"Clear",27.22,49.81,11.58,1.7,"Protest",0,TRUE
"T00998","Metro","Station_47","Station_6",2,"Fog",28.95,52.04,14.9,1.72,"Protest",0,FALSE
"T00999","Tram","Station_33","Station_32",-7,"Fog",19.4,42.98,9.52,1.59,"No Event",0,FALSE
"T01000","Train","Station_33","Station_41",-3,"Fog",29.73,60.67,11.8,1.67,"No Event",0,FALSE
"T01001","Tram","Station_19","Station_48",8,"Clear",25.24,59.89,13.81,1.97,"Concert",0,TRUE
"T01002","Bus","Station_3","Station_43",-13,"Fog",36.61,54.82,12.86,1.91,"No Event",0,FALSE
"T01003","Bus","Station_10","Station_39",26,"Rain",22.61,52.36,13.16,-0.0600000000000001,"Concert",0,TRUE
"T01004","Bus","Station_40","Station_31",10,"Snow",2.15,40.02,13.51,16.07,"No Event",0,TRUE
"T01005","Bus","Station_47","Station_42",-23,"Clear",20.73,56.98,19.52,1.99,"No Event",0,FALSE
"T01006","Metro","Station_42","Station_10",3,"Cloudy",32.41,53.31,14.12,2.35,"No Event",0,FALSE
"T01007","Bus","Station_1","Station_30",10,"Fog",14.38,54.64,18.02,2.26,"No Event",0,TRUE
"T01008","Metro","Station_29","Station_18",21,"Storm",16.65,58.9,47.81,9.33,"No Event",0,TRUE
"T01009","Metro","Station_50","Station_24",13,"Clear",29.28,51.28,10.38,2.1,"Parade",0,TRUE
"T01010","Bus","Station_34","Station_9",9,"Cloudy",23.11,50.71,12.02,2.15,"No Event",0,TRUE
"T01011","Bus","Station_13","Station_31",33,"Snow",2.46,48.7,16.84,15.22,"Festival",0,TRUE
"T01012","Train","Station_1","Station_15",22,"Rain",18.93,51.78,19.26,4.02,"Parade",1,TRUE
"T01013","Tram","Station_34","Station_4",7,"Cloudy",25.43,59,9.99,2.69,"Festival",1,TRUE
"T01014","Bus","Station_29","Station_40",3,"Fog",32.02,50.39,15.82,2.56,"No Event",1,FALSE
"T01015","Train","Station_48","Station_9",21,"Storm",25.49,63.13,39.57,16.78,"Sports",1,TRUE
"T01016","Train","Station_47","Station_45",-3,"Fog",22.09,43.74,15.16,2.15,"No Event",0,FALSE
"T01017","Tram","Station_13","Station_9",-5,"Cloudy",19.4,38.12,10.99,1.63,"No Event",0,FALSE
"T01018","Metro","Station_48","Station_26",9,"Clear",24.36,52.34,17.04,1.6,"Festival",0,TRUE
"T01019","Bus","Station_49","Station_4",7,"Storm",2.9,55.25,44.94,31.01,"No Event",0,TRUE
"T01020","Tram","Station_29","Station_17",11,"Storm",23.35,58.46,45.21,NA,"Parade",0,TRUE
"T01021","Bus","Station_39","Station_16",-17,"Cloudy",16.82,57.42,14.45,2.68,"Concert",0,FALSE
"T01022","Train","Station_24","Station_15",0,"Snow",11.14,40.26,NA,14.41,"No Event",0,FALSE
"T01023","Train","Station_26","Station_35",7,"Snow",14.69,49.81,14.44,16.02,"No Event",0,TRUE
"T01024","Metro","Station_17","Station_5",0,"Fog",27.31,56.27,12.74,1.18,"Sports",0,FALSE
"T01025","Train","Station_7","Station_5",-4,"Cloudy",15.71,61.25,15.77,2.04,"No Event",0,FALSE
"T01026","Train","Station_13","Station_20",15,"Storm",13.62,57.11,37.73,30.76,"Sports",0,TRUE
"T01027","Tram","Station_5","Station_15",1,"Cloudy",28.18,42.17,15.95,1.81,"No Event",0,FALSE
"T01028","Bus","Station_26","Station_18",17,"Storm",19.82,56.69,NA,17.12,"No Event",0,TRUE
"T01029","Bus","Station_49","Station_47",6,"Fog",24.68,48.67,20.15,1.37,"No Event",0,TRUE
"T01030","Tram","Station_3","Station_2",-6,"Clear",24.96,61.11,17.79,2.12,"No Event",0,FALSE
"T01031","Metro","Station_7","Station_29",-3,"Clear",34.35,48.73,16.22,2.02,"No Event",0,FALSE
"T01032","Bus","Station_49","Station_13",11,"Cloudy",20.41,52.64,12.57,2.28,"No Event",0,TRUE
"T01033","Train","Station_39","Station_4",13,"Storm",5.42,56.62,49.84,21.89,"No Event",0,TRUE
"T01034","Bus","Station_1","Station_42",21,"Clear",21.03,56.06,19.49,1.81,"Sports",0,TRUE
"T01035","Train","Station_49","Station_45",20,"Storm",24.95,46.77,33.42,24.14,"Concert",0,TRUE
"T01036","Metro","Station_17","Station_10",-4,"Fog",14.8,56.26,7.32,1.63,"No Event",0,FALSE
"T01037","Tram","Station_43","Station_31",6,"Cloudy",25.36,61.68,10.13,2.4,"Concert",0,TRUE
"T01038","Bus","Station_25","Station_41",25,"Storm",12.4,48.32,43.07,12.14,"Concert",0,TRUE
"T01039","Tram","Station_3","Station_8",3,"Cloudy",13.03,58.57,14.54,2.13,"No Event",0,FALSE
"T01040","Bus","Station_15","Station_3",29,"Storm",NA,55.3,43.86,29.59,"No Event",0,TRUE
"T01041","Train","Station_29","Station_48",8,"Snow",17.26,48.51,18.8,15.07,"No Event",0,TRUE
"T01042","Tram","Station_43","Station_46",3,"Snow",10.65,43.66,17.64,12.87,"No Event",0,FALSE
"T01043","Bus","Station_32","Station_9",24,"Storm",22.17,60.47,38.37,35.23,"No Event",0,TRUE
"T01044","Train","Station_26","Station_30",3,"Fog",19.09,59.45,13.23,1.9,"No Event",0,FALSE
"T01045","Tram","Station_16","Station_11",3,"Cloudy",25.92,62.38,21.4,1.87,"No Event",0,FALSE
"T01046","Tram","Station_25","Station_35",13,"Rain",19.08,63.05,23.67,-2.39,"Festival",0,TRUE
"T01047","Bus","Station_28","Station_37",23,"Storm",24.23,54.93,55.37,15.39,"No Event",0,TRUE
"T01048","Bus","Station_9","Station_42",27,"Storm",18,48.59,37.57,31.39,"Sports",0,TRUE
"T01049","Bus","Station_1","Station_13",7,"Snow",14.11,52.33,22.68,13.83,"Protest",0,TRUE
"T01050","Train","Station_29","Station_36",-3,"Clear",28.49,54.06,19.99,1.9,"No Event",0,FALSE
"T01051","Bus","Station_22","Station_13",20,"Snow",20.21,50.43,7.79,15.28,"Festival",0,TRUE
"T01052","Tram","Station_16","Station_12",-2,"Cloudy",25.31,57.06,11.41,1.93,"No Event",0,FALSE
"T01053","Tram","Station_41","Station_37",6,"Snow",13.45,51.64,19.29,14.54,"Festival",0,TRUE
"T01054","Bus","Station_44","Station_10",9,"Rain",17.29,51.4,16.73,17.23,"No Event",0,TRUE
"T01055","Bus","Station_41","Station_9",-14,"Fog",14.25,54.34,15.45,2.49,"No Event",0,FALSE
"T01056","Metro","Station_7","Station_7",6,"Rain",24.57,60.37,15.77,5.18,"Concert",0,TRUE
"T01057","Tram","Station_14","Station_2",6,"Fog",19.66,41.35,10.96,1.53,"Festival",0,TRUE
"T01058","Train","Station_29","Station_23",1,"Rain",24.74,48.39,9.03,6.05,"No Event",0,FALSE
"T01059","Metro","Station_19","Station_39",7,"Snow",-2.83,44.62,14.06,16.24,"Sports",0,TRUE
"T01060","Bus","Station_19","Station_40",6,"Rain",21.61,55.5,8.2,6.26,"Sports",0,TRUE
"T01061","Bus","Station_2","Station_39",12,"Snow",4.92,50.59,NA,14.82,"No Event",0,TRUE
"T01062","Tram","Station_41","Station_21",7,"Snow",6.59,56.23,19.26,NA,"No Event",0,TRUE
"T01063","Bus","Station_45","Station_23",15,"Cloudy",21.45,53.87,18.59,1.76,"No Event",0,TRUE
"T01064","Train","Station_15","Station_29",9,"Snow",5.25,49.6,13.49,15.3,"No Event",0,TRUE
"T01065","Tram","Station_3","Station_14",2,"Clear",33.88,46.39,12.98,1.78,"Sports",0,FALSE
"T01066","Bus","Station_11","Station_26",24,"Rain",11.09,52.48,10.37,0.13,"Festival",0,TRUE
"T01067","Tram","Station_46","Station_5",19,"Storm",20.61,54.34,NA,18.88,"Sports",0,TRUE
"T01068","Bus","Station_30","Station_31",25,"Storm",6.65,56.7,43.44,33.7,"Parade",1,TRUE
"T01069","Bus","Station_40","Station_25",14,"Storm",13.16,53.28,45.93,26.33,"No Event",1,TRUE
"T01070","Bus","Station_18","Station_31",12,"Clear",29.26,48.93,15.62,1.88,"No Event",1,TRUE
"T01071","Train","Station_48","Station_50",29,"Snow",8.47,45.55,18.57,14.24,"Festival",1,TRUE
"T01072","Train","Station_2","Station_20",11,"Rain",19.29,49.16,21.98,-6.13,"Festival",0,TRUE
"T01073","Tram","Station_32","Station_44",0,"Fog",22.93,50.11,13.13,1.81,"No Event",0,FALSE
"T01074","Bus","Station_8","Station_17",7,"Fog",30.96,52.28,18.61,2.49,"No Event",0,TRUE
"T01075","Bus","Station_22","Station_45",1,"Cloudy",20.47,54.28,18.14,2.15,"Protest",0,FALSE
"T01076","Train","Station_6","Station_2",2,"Clear",29,50.27,17.34,2.33,"No Event",0,FALSE
"T01077","Bus","Station_12","Station_25",-14,"Rain",22.96,50.76,14.91,-0.42,"No Event",0,FALSE
"T01078","Train","Station_47","Station_13",36,"Snow",2.43,43.72,25.82,13.91,"Concert",0,TRUE
"T01079","Bus","Station_40","Station_39",33,"Storm",15.05,54.59,46.62,15.29,"Parade",0,TRUE
"T01080","Tram","Station_36","Station_28",1,"Clear",27.55,48.52,16.79,2.32,"Sports",0,FALSE
"T01081","Bus","Station_15","Station_42",0,"Clear",17.04,46.03,15.7,2.16,"Sports",0,FALSE
"T01082","Bus","Station_28","Station_6",19,"Rain",18.67,51.7,9.46,4.98,"No Event",0,TRUE
"T01083","Metro","Station_49","Station_3",12,"Snow",12.56,48.35,12.09,15.44,"Concert",0,TRUE
"T01084","Train","Station_45","Station_35",-1,"Cloudy",24.83,58.3,12.27,2.21,"No Event",0,FALSE
"T01085","Bus","Station_18","Station_18",26,"Snow",3.34,57.08,23.97,15.83,"Parade",0,TRUE
"T01086","Bus","Station_2","Station_11",17,"Cloudy",26.27,51.37,10.73,1.81,"No Event",0,TRUE
"T01087","Metro","Station_13","Station_20",3,"Cloudy",30.01,52.42,16.8,1.26,"Concert",0,FALSE
"T01088","Metro","Station_45","Station_5",19,"Storm",17.45,58.25,43.61,19.84,"Festival",0,TRUE
"T01089","Train","Station_15","Station_19",8,"Storm",8.21,57.63,41.98,23.08,"No Event",0,TRUE
"T01090","Metro","Station_20","Station_22",4,"Rain",20.92,53.4,11.43,11.11,"Parade",0,FALSE
"T01091","Tram","Station_29","Station_19",4,"Snow",6.88,52.04,11.34,14.57,"No Event",0,FALSE
"T01092","Metro","Station_42","Station_47",-7,"Cloudy",22.2,56.67,9.59,2.08,"No Event",0,FALSE
"T01093","Tram","Station_29","Station_16",5,"Rain",19.94,54.06,15.52,14.02,"No Event",0,TRUE
"T01094","Train","Station_3","Station_24",6,"Cloudy",28.24,54.42,14.59,1.95,"Festival",0,TRUE
"T01095","Train","Station_19","Station_41",9,"Clear",20.72,50.53,17.33,2.06,"Festival",0,TRUE
"T01096","Train","Station_3","Station_4",-1,"Fog",27.85,56.78,13.45,1.73,"No Event",0,FALSE
"T01097","Train","Station_14","Station_15",-1,"Fog",28.7,55.74,15.13,2.12,"No Event",0,FALSE
"T01098","Train","Station_40","Station_25",5,"Cloudy",20.88,48.12,17.57,1.82,"Festival",0,TRUE
"T01099","Tram","Station_4","Station_44",-2,"Rain",14.48,54.53,NA,3.16,"No Event",0,FALSE
"T01100","Tram","Station_11","Station_35",27,"Storm",5.77,49.14,54.91,29.39,"Concert",0,TRUE
"T01101","Train","Station_31","Station_14",13,"Snow",0.130000000000001,53.6,14.9,15.37,"Concert",0,TRUE
"T01102","Metro","Station_43","Station_49",1,"Cloudy",NA,58.51,19.59,2.27,"Festival",0,FALSE
"T01103","Bus","Station_32","Station_19",11,"Cloudy",28,50.59,14.47,1.85,"No Event",0,TRUE
"T01104","Train","Station_27","Station_38",11,"Snow",9.7,51.08,7.74,14.83,"No Event",0,TRUE
"T01105","Metro","Station_30","Station_36",25,"Storm",23.96,51.23,48.89,14.57,"Parade",0,TRUE
"T01106","Bus","Station_43","Station_7",27,"Cloudy",22.89,55.35,NA,2.31,"No Event",0,TRUE
"T01107","Train","Station_2","Station_30",-5,"Clear",32.87,53.39,21.58,1.75,"No Event",0,FALSE
"T01108","Train","Station_49","Station_19",14,"Storm",11.49,48.28,43.7,21.55,"No Event",1,TRUE
"T01109","Tram","Station_9","Station_49",19,"Clear",NA,61.59,16.19,2.63,"Parade",1,TRUE
"T01110","Bus","Station_28","Station_25",17,"Fog",29.04,50.27,11.33,1.28,"Sports",1,TRUE
"T01111","Bus","Station_31","Station_16",18,"Snow",5.16,NA,7.97,15.86,"No Event",1,TRUE
"T01112","Metro","Station_34","Station_47",20,"Storm",2.64,43.85,NA,18.73,"Sports",0,TRUE
"T01113","Tram","Station_15","Station_40",11,"Storm",16.96,56.07,48.14,5.6,"No Event",0,TRUE
"T01114","Tram","Station_48","Station_8",14,"Rain",10.92,52.97,18.33,16.43,"Parade",0,TRUE
"T01115","Tram","Station_25","Station_18",3,"Rain",21.28,59.56,13.7,9.05,"No Event",0,FALSE
"T01116","Tram","Station_36","Station_28",8,"Snow",-0.280000000000001,42.58,16.69,14.95,"Sports",0,TRUE
"T01117","Bus","Station_8","Station_16",22,"Storm",2.51,59.09,41.92,21.27,"Concert",0,TRUE
"T01118","Bus","Station_9","Station_19",-3,"Fog",19.72,53.27,10.98,2.17,"No Event",0,FALSE
"T01119","Train","Station_37","Station_42",4,"Cloudy",20.58,49.16,17.22,1.87,"Festival",0,FALSE
"T01120","Train","Station_48","Station_17",7,"Snow",-1.16,49.52,21.15,16.02,"No Event",0,TRUE
"T01121","Tram","Station_45","Station_45",17,"Snow",1.22,41,13.94,16.01,"Concert",0,TRUE
"T01122","Tram","Station_39","Station_13",19,"Rain",20.18,46.48,12.26,6.7,"Sports",0,TRUE
"T01123","Tram","Station_32","Station_7",-5,"Fog",16.58,52.92,17.88,1.88,"Concert",0,FALSE
"T01124","Train","Station_17","Station_27",9,"Snow",0.719999999999999,51.5,NA,14.56,"No Event",0,TRUE
"T01125","Metro","Station_35","Station_10",12,"Fog",34.15,55.3,15.79,2.26,"Parade",0,TRUE
"T01126","Metro","Station_37","Station_34",7,"Snow",10,NA,16.34,12.93,"No Event",0,TRUE
"T01127","Train","Station_19","Station_36",9,"Rain",31.82,50.06,20.02,11.38,"Concert",0,TRUE
"T01128","Train","Station_44","Station_25",1,"Cloudy",29.71,49.69,23.2,2.17,"Sports",0,FALSE
"T01129","Train","Station_29","Station_6",1,"Rain",26.31,55.61,18.59,12.12,"Festival",0,FALSE
"T01130","Train","Station_7","Station_24",16,"Snow",7.15,45.29,18.4,14.7,"Concert",0,TRUE
"T01131","Train","Station_28","Station_18",0,"Fog",24.73,47.44,12.2,2.14,"No Event",0,FALSE
"T01132","Train","Station_9","Station_23",7,"Clear",32.54,51.96,15.09,1.61,"Protest",0,TRUE
"T01133","Tram","Station_28","Station_6",8,"Rain",15.3,55.6,25.13,0.61,"No Event",0,TRUE
"T01134","Tram","Station_6","Station_29",-1,"Fog",21.89,54.96,17.75,1.85,"No Event",0,FALSE
"T01135","Tram","Station_29","Station_25",17,"Rain",20.88,54.21,13.31,10.96,"Festival",0,TRUE
"T01136","Tram","Station_17","Station_17",-3,"Snow",-2.44,NA,15.46,14.65,"No Event",0,FALSE
"T01137","Train","Station_16","Station_46",-1,"Fog",28.94,49.11,17.81,1.93,"No Event",0,FALSE
"T01138","Metro","Station_23","Station_24",-6,"Cloudy",19.19,50.81,12.54,1.82,"No Event",0,FALSE
"T01139","Bus","Station_31","Station_11",12,"Fog",19.88,52.14,16.29,2.09,"No Event",0,TRUE
"T01140","Train","Station_3","Station_26",13,"Storm",10.44,52.38,53.22,18.59,"No Event",0,TRUE
"T01141","Bus","Station_21","Station_34",13,"Clear",25.91,46.35,14.22,2.34,"No Event",0,TRUE
"T01142","Metro","Station_26","Station_28",12,"Snow",10.86,55.83,18.3,15.63,"Sports",0,TRUE
"T01143","Tram","Station_36","Station_3",1,"Fog",22.31,55.53,17.09,2.15,"Sports",0,FALSE
"T01144","Metro","Station_42","Station_11",18,"Snow",-1.73,41.13,NA,16.44,"Concert",0,TRUE
"T01145","Train","Station_37","Station_38",-3,"Rain",17.5,54.52,22.17,9.13,"No Event",0,FALSE
"T01146","Tram","Station_22","Station_14",7,"Rain",22.78,50.33,9.04,13.7,"Sports",0,TRUE
"T01147","Train","Station_42","Station_26",1,"Fog",15.84,46.87,7.74,2.38,"No Event",0,FALSE
"T01148","Tram","Station_12","Station_48",7,"Storm",17.12,NA,44.9,33.18,"No Event",0,TRUE
"T01149","Bus","Station_42","Station_21",-3,"Fog",23.42,52.78,NA,2.07,"Festival",0,FALSE
"T01150","Bus","Station_13","Station_39",2,"Cloudy",25.44,54.69,12.19,1.94,"No Event",0,FALSE
"T01151","Bus","Station_11","Station_30",40,"Storm",15.39,57.82,44.03,20.07,"Concert",0,TRUE
"T01152","Metro","Station_16","Station_8",19,"Snow",9.16,53.13,14.93,16.05,"Parade",0,TRUE
"T01153","Train","Station_8","Station_20",-1,"Fog",21.67,58.9,20.08,1.89,"No Event",0,FALSE
"T01154","Metro","Station_40","Station_48",3,"Snow",13.52,56.11,11.93,13.18,"No Event",0,FALSE
"T01155","Bus","Station_40","Station_32",12,"Clear",18.3,48.11,21.31,2.49,"No Event",0,TRUE
"T01156","Train","Station_45","Station_22",13,"Storm",10.44,42.88,45.39,24.93,"No Event",0,TRUE
"T01157","Bus","Station_2","Station_7",7,"Fog",21.46,58.3,NA,2.04,"Sports",0,TRUE
"T01158","Metro","Station_30","Station_9",6,"Clear",19.78,56.02,13.12,1.67,"Sports",0,TRUE
"T01159","Metro","Station_30","Station_45",-7,"Fog",23.73,57.51,NA,2.46,"No Event",0,FALSE
"T01160","Metro","Station_12","Station_1",-5,"Cloudy",19.23,51.01,17.19,2.19,"No Event",0,FALSE
"T01161","Bus","Station_10","Station_29",-6,"Rain",17.96,48.71,9.56,5.95,"Parade",0,FALSE
"T01162","Train","Station_44","Station_8",8,"Snow",2.74,44.87,19.76,14.22,"No Event",0,TRUE
"T01163","Train","Station_11","Station_4",3,"Fog",23.92,53.44,27.54,1.71,"No Event",0,FALSE
"T01164","Bus","Station_15","Station_35",47,"Storm",9.22,56.98,55.65,23.39,"No Event",1,TRUE
"T01165","Train","Station_16","Station_3",8,"Fog",30.85,47.05,12.64,2.61,"Concert",1,TRUE
"T01166","Bus","Station_17","Station_45",10,"Fog",20.09,56.19,NA,1.91,"No Event",1,TRUE
"T01167","Train","Station_26","Station_40",1,"Fog",22.85,62.36,11.39,2.25,"No Event",1,FALSE
"T01168","Tram","Station_2","Station_7",8,"Fog",30.92,49.77,9.88,2.4,"Sports",0,TRUE
"T01169","Tram","Station_50","Station_27",14,"Storm",NA,54.65,46.07,24.91,"Sports",0,TRUE
"T01170","Metro","Station_12","Station_1",2,"Storm",14.48,44.94,53.39,13.29,"No Event",0,FALSE
"T01171","Tram","Station_26","Station_27",0,"Fog",28.55,51.23,8.66,1.86,"No Event",0,FALSE
"T01172","Tram","Station_23","Station_16",-3,"Rain",20.44,51.17,16.7,7.19,"No Event",0,FALSE
"T01173","Tram","Station_18","Station_38",-6,"Fog",23.08,61.78,19.37,2.41,"No Event",0,FALSE
"T01174","Bus","Station_32","Station_7",23,"Snow",11.79,49.04,21.76,14.03,"No Event",0,TRUE
"T01175","Tram","Station_49","Station_44",1,"Snow",1.56,56.34,4.06,16.2,"No Event",0,FALSE
"T01176","Tram","Station_38","Station_23",8,"Storm",14.54,53.47,41.35,7.93,"No Event",0,TRUE
"T01177","Metro","Station_47","Station_41",3,"Snow",16.17,45.52,18.49,18.34,"No Event",0,FALSE
"T01178","Tram","Station_3","Station_11",22,"Snow",3.01,57.43,9.36,15.07,"Parade",0,TRUE
"T01179","Tram","Station_38","Station_42",-8,"Cloudy",24.05,53.66,17.7,2.11,"No Event",0,FALSE
"T01180","Train","Station_3","Station_33",-4,"Fog",26.72,57.83,14.23,2.04,"No Event",0,FALSE
"T01181","Metro","Station_30","Station_50",-4,"Fog",25.23,51.85,16.74,2.7,"No Event",0,FALSE
"T01182","Metro","Station_1","Station_36",-7,"Fog",29.85,55.41,12.25,2.18,"No Event",0,FALSE
"T01183","Metro","Station_30","Station_37",-6,"Fog",25.3,53.91,20.61,NA,"Protest",0,FALSE
"T01184","Metro","Station_45","Station_41",4,"Clear",21.49,53.16,25.12,1.5,"No Event",0,FALSE
"T01185","Metro","Station_32","Station_17",-5,"Fog",29.13,51.59,11.25,2.15,"Protest",0,FALSE
"T01186","Metro","Station_28","Station_35",13,"Storm",6.48,48.66,61.8,10.69,"No Event",0,TRUE
"T01187","Bus","Station_21","Station_48",35,"Storm",9.85,49.96,37.12,11.31,"Festival",0,TRUE
"T01188","Tram","Station_46","Station_5",-9,"Clear",19.21,52.72,10.74,1.65,"No Event",0,FALSE
"T01189","Metro","Station_13","Station_48",-4,"Fog",26.24,53.03,21.98,2.28,"No Event",0,FALSE
"T01190","Tram","Station_27","Station_32",5,"Rain",18.68,44.41,15.08,8.79,"No Event",0,TRUE
"T01191","Tram","Station_36","Station_3",6,"Fog",27.95,50.05,11.52,1.66,"No Event",0,TRUE
"T01192","Bus","Station_7","Station_47",13,"Storm",11.17,59.55,46.53,27.75,"No Event",0,TRUE
"T01193","Metro","Station_22","Station_35",-3,"Cloudy",22.45,46.08,20.31,1.99,"No Event",0,FALSE
"T01194","Train","Station_10","Station_14",18,"Snow",NA,54.1,13.22,14.78,"Sports",0,TRUE
"T01195","Bus","Station_39","Station_48",6,"Cloudy",19.92,50.06,16.69,2.63,"No Event",0,TRUE
"T01196","Train","Station_15","Station_31",7,"Rain",13.21,52.68,16.02,12,"No Event",0,TRUE
"T01197","Tram","Station_15","Station_31",1,"Fog",27.01,58.39,6.75,1.7,"No Event",0,FALSE
"T01198","Tram","Station_4","Station_17",-2,"Clear",31.76,NA,16.42,1.98,"Concert",0,FALSE
"T01199","Bus","Station_32","Station_24",32,"Fog",20.15,47.57,15.83,NA,"No Event",0,TRUE
"T01200","Bus","Station_23","Station_23",7,"Rain",23.03,52.05,12.07,10.27,"No Event",0,TRUE
"T01201","Train","Station_6","Station_18",-1,"Rain",16.54,55.52,8.38,12.03,"No Event",0,FALSE
"T01202","Metro","Station_24","Station_50",4,"Snow",4.69,37.04,20.74,15.02,"Protest",0,FALSE
"T01203","Train","Station_20","Station_14",11,"Rain",17.95,56.9,23.19,-0.27,"Concert",0,TRUE
"T01204","Bus","Station_37","Station_50",5,"Cloudy",25.01,48.09,12.24,2.01,"No Event",1,TRUE
"T01205","Train","Station_20","Station_15",14,"Snow",2.55,55.32,16.67,13.96,"No Event",1,TRUE
"T01206","Bus","Station_12","Station_15",-2,"Fog",25.36,49.47,7.25,2.43,"No Event",1,FALSE
"T01207","Train","Station_33","Station_6",7,"Fog",15.36,64.73,20.11,1.99,"No Event",1,TRUE
"T01208","Bus","Station_28","Station_27",0,"Clear",28.58,54.1,16.43,2.22,"No Event",0,FALSE
"T01209","Bus","Station_8","Station_15",10,"Rain",26.15,56.68,14.75,-0.84,"No Event",0,TRUE
"T01210","Bus","Station_1","Station_50",5,"Rain",14.56,51.88,18.1,9.59,"No Event",0,TRUE
"T01211","Metro","Station_37","Station_36",7,"Storm",15.98,56.09,43.98,26.04,"No Event",0,TRUE
"T01212","Train","Station_22","Station_8",5,"Snow",9.41,51.19,14.12,16.02,"No Event",0,TRUE
"T01213","Train","Station_6","Station_15",12,"Storm",16.79,53.83,45.47,19.22,"No Event",0,TRUE
"T01214","Train","Station_21","Station_3",8,"Snow",-0.949999999999999,51.02,16.11,14.47,"No Event",0,TRUE
"T01215","Bus","Station_32","Station_47",-11,"Cloudy",20.91,54.85,16.04,2.4,"No Event",0,FALSE
"T01216","Train","Station_35","Station_13",32,"Snow",NA,43.47,9.25,14.65,"Festival",0,TRUE
"T01217","Train","Station_15","Station_41",2,"Fog",17.03,46.81,22.83,1.81,"Sports",0,FALSE
"T01218","Bus","Station_5","Station_34",14,"Clear",33.64,51.89,12.63,1.69,"No Event",0,TRUE
"T01219","Tram","Station_46","Station_24",13,"Snow",2.76,56.37,NA,12.99,"No Event",0,TRUE
"T01220","Bus","Station_50","Station_40",10,"Snow",10.28,39.21,8.78,14.53,"No Event",0,TRUE
"T01221","Train","Station_48","Station_32",11,"Snow",0.460000000000001,53.57,17.8,15.93,"No Event",0,TRUE
"T01222","Bus","Station_6","Station_32",23,"Clear",20.25,56.83,6.13,1.87,"Festival",0,TRUE
"T01223","Tram","Station_25","Station_30",-1,"Rain",20.53,54.89,16.17,7.01,"No Event",0,FALSE
"T01224","Bus","Station_46","Station_49",5,"Clear",26.53,53.75,11.55,2.12,"Festival",0,TRUE
"T01225","Train","Station_40","Station_13",13,"Rain",20.23,43.73,14.15,7.11,"No Event",0,TRUE
"T01226","Tram","Station_29","Station_1",6,"Fog",33.88,49.99,8.41,2.13,"Festival",0,TRUE
"T01227","Metro","Station_7","Station_34",2,"Clear",25.79,49.99,15.22,1.8,"Sports",0,FALSE
"T01228","Train","Station_40","Station_15",10,"Rain",31.79,57.51,12.99,4.93,"Sports",0,TRUE
"T01229","Tram","Station_13","Station_44",-3,"Fog",31.38,52.02,21.95,1.74,"No Event",0,FALSE
"T01230","Tram","Station_38","Station_14",-5,"Fog",16.25,48.95,23.02,NA,"Protest",0,FALSE
"T01231","Metro","Station_18","Station_29",-1,"Rain",NA,45.71,20.86,7.8,"No Event",0,FALSE
"T01232","Bus","Station_2","Station_34",24,"Rain",11.67,53.35,20.57,12.9,"Festival",0,TRUE
"T01233","Bus","Station_8","Station_18",3,"Cloudy",18.62,47.21,19.5,2.04,"Concert",0,FALSE
"T01234","Train","Station_11","Station_7",5,"Fog",26.7,52.01,13.31,1.88,"No Event",0,TRUE
"T01235","Metro","Station_33","Station_29",5,"Rain",11.57,54.75,25.97,3.62,"Parade",0,TRUE
"T01236","Bus","Station_38","Station_31",8,"Fog",28.35,53.79,17.63,1.83,"Festival",0,TRUE
"T01237","Metro","Station_48","Station_25",2,"Clear",33.1,58.46,10.89,2.59,"Sports",0,FALSE
"T01238","Bus","Station_27","Station_38",9,"Storm",11.91,45.87,43.32,28.91,"No Event",0,TRUE
"T01239","Tram","Station_20","Station_14",31,"Storm",2.55,55.99,42.74,22.94,"Parade",0,TRUE
"T01240","Bus","Station_12","Station_8",5,"Snow",-9.66,48.88,15.5,15.23,"Sports",0,TRUE
"T01241","Metro","Station_43","Station_27",14,"Rain",14.87,47.32,21.45,8.91,"Concert",0,TRUE
"T01242","Tram","Station_31","Station_2",16,"Rain",20.79,47.27,15.32,NA,"Festival",0,TRUE
"T01243","Tram","Station_27","Station_17",1,"Fog",27.97,55.48,13.75,1.85,"No Event",0,FALSE
"T01244","Tram","Station_32","Station_37",4,"Snow",5.09,49.88,13.88,14.43,"No Event",0,FALSE
"T01245","Metro","Station_10","Station_14",13,"Rain",22.56,61.92,18.15,9.01,"No Event",0,TRUE
"T01246","Train","Station_3","Station_25",-3,"Fog",NA,52.86,NA,2.01,"No Event",0,FALSE
"T01247","Train","Station_45","Station_30",14,"Rain",26.4,50.04,9.42,6.16,"Concert",0,TRUE
"T01248","Train","Station_27","Station_29",0,"Fog",20.62,63.59,16.31,1.36,"No Event",0,FALSE
"T01249","Metro","Station_35","Station_20",1,"Rain",9.48,51.77,15.01,10.13,"No Event",0,FALSE
"T01250","Tram","Station_31","Station_21",2,"Cloudy",21.9,48.92,14.56,2.07,"No Event",0,FALSE
"T01251","Train","Station_15","Station_22",0,"Fog",23.55,55.02,10.26,1.83,"No Event",0,FALSE
"T01252","Metro","Station_16","Station_35",2,"Cloudy",27.55,50.06,15.21,2.62,"No Event",0,FALSE
"T01253","Train","Station_13","Station_37",-3,"Cloudy",20.39,56.59,15.83,2.26,"No Event",0,FALSE
"T01254","Bus","Station_49","Station_16",1,"Cloudy",31.63,47.13,11.19,2.41,"No Event",0,FALSE
"T01255","Train","Station_35","Station_50",2,"Cloudy",14.12,62.35,12.82,2.03,"Sports",0,FALSE
"T01256","Train","Station_11","Station_49",8,"Clear",27.99,NA,14.48,1.56,"Festival",0,TRUE
"T01257","Tram","Station_21","Station_43",5,"Snow",10.15,NA,21.67,14.87,"No Event",0,TRUE
"T01258","Metro","Station_11","Station_17",15,"Storm",16.72,46.32,47.87,28.7,"No Event",0,TRUE
"T01259","Tram","Station_30","Station_16",-3,"Clear",28.27,NA,17.52,1.61,"No Event",0,FALSE
"T01260","Tram","Station_48","Station_2",11,"Rain",22.35,52.87,16.05,1.02,"No Event",1,TRUE
"T01261","Tram","Station_35","Station_4",21,"Rain",25.46,46.1,10.75,2.57,"Festival",1,TRUE
"T01262","Tram","Station_22","Station_21",17,"Snow",1.49,40.25,11.52,13.71,"No Event",1,TRUE
"T01263","Tram","Station_38","Station_39",9,"Storm",10.03,40.18,42.51,5.05,"No Event",1,TRUE
"T01264","Train","Station_31","Station_34",12,"Storm",9.25,NA,26.11,27.95,"No Event",0,TRUE
"T01265","Tram","Station_14","Station_30",20,"Storm",5.19,52.91,52.49,17.65,"Parade",0,TRUE
"T01266","Tram","Station_24","Station_6",-4,"Cloudy",13.07,59.35,13.71,1.86,"No Event",0,FALSE
"T01267","Metro","Station_50","Station_17",-1,"Clear",27.25,52.32,10.14,2.46,"No Event",0,FALSE
"T01268","Bus","Station_49","Station_39",-4,"Rain",12.58,52.88,17.34,NA,"No Event",0,FALSE
"T01269","Train","Station_32","Station_25",-2,"Clear",27.1,58.11,13.85,2,"No Event",0,FALSE
"T01270","Train","Station_36","Station_5",0,"Clear",27.54,55.11,16.59,2.32,"Protest",0,FALSE
"T01271","Train","Station_32","Station_5",-5,"Clear",26.88,49.13,18.74,1.62,"No Event",0,FALSE
"T01272","Tram","Station_15","Station_20",11,"Storm",7.96,54.68,54.31,17.07,"Concert",0,TRUE
"T01273","Tram","Station_43","Station_16",6,"Snow",16.13,49.87,21.06,15.77,"No Event",0,TRUE
"T01274","Tram","Station_35","Station_41",1,"Snow",14.42,46.67,18.47,13.87,"No Event",0,FALSE
"T01275","Metro","Station_3","Station_37",13,"Storm",3.18,49.51,34.02,22.82,"No Event",0,TRUE
"T01276","Bus","Station_16","Station_40",5,"Rain",13.75,48.7,13.02,5.88,"Concert",0,TRUE
"T01277","Tram","Station_5","Station_9",3,"Rain",25.7,53.24,21.66,6.12,"No Event",0,FALSE
"T01278","Bus","Station_21","Station_5",12,"Rain",12.4,46.61,16.51,13.97,"No Event",0,TRUE
"T01279","Metro","Station_10","Station_42",16,"Snow",2.23,58.17,11.02,15.32,"No Event",0,TRUE
"T01280","Train","Station_19","Station_2",14,"Snow",4.75,47.86,4.05,15.13,"Sports",0,TRUE
"T01281","Tram","Station_25","Station_9",4,"Clear",31.94,41.53,21.43,2.06,"Festival",0,FALSE
"T01282","Bus","Station_4","Station_43",27,"Storm",16.54,48.2,55.58,15.77,"Protest",0,TRUE
"T01283","Bus","Station_29","Station_36",8,"Cloudy",18.79,45.52,13.38,2.12,"No Event",0,TRUE
"T01284","Tram","Station_19","Station_22",0,"Clear",20.76,51.63,22.68,2.26,"No Event",0,FALSE
"T01285","Train","Station_43","Station_22",-2,"Fog",16.12,63.71,17.17,1.69,"No Event",0,FALSE
"T01286","Train","Station_2","Station_22",13,"Snow",4.89,51.79,8.14,16.48,"No Event",0,TRUE
"T01287","Train","Station_10","Station_34",11,"Clear",NA,47.67,15.59,2.32,"Protest",0,TRUE
"T01288","Metro","Station_43","Station_29",18,"Storm",-1.5,57.24,36.12,22.91,"Sports",0,TRUE
"T01289","Bus","Station_25","Station_38",9,"Fog",28.67,48.01,21.26,1.72,"Sports",0,TRUE
"T01290","Bus","Station_20","Station_46",16,"Clear",24.85,54.57,17.85,2.22,"No Event",0,TRUE
"T01291","Bus","Station_48","Station_33",16,"Storm",NA,57.97,38.98,24.29,"Festival",0,TRUE
"T01292","Metro","Station_19","Station_18",21,"Storm",13.66,58.24,45.33,7.77,"Festival",0,TRUE
"T01293","Bus","Station_23","Station_7",16,"Snow",0.579999999999998,41.9,17.08,15.39,"No Event",0,TRUE
"T01294","Metro","Station_24","Station_1",-5,"Cloudy",24.14,46,15.35,1.83,"No Event",0,FALSE
"T01295","Train","Station_11","Station_33",5,"Clear",28.19,56.75,20.99,1.2,"No Event",0,TRUE
"T01296","Tram","Station_46","Station_1",8,"Storm",26.61,49.64,NA,11.97,"No Event",0,TRUE
"T01297","Bus","Station_34","Station_24",5,"Rain",22.25,51.99,23.84,5.77,"Festival",0,TRUE
"T01298","Bus","Station_28","Station_4",40,"Storm",16.72,60.81,54.21,18.24,"No Event",0,TRUE
"T01299","Train","Station_5","Station_4",-2,"Cloudy",30.27,45.92,21.92,1.76,"No Event",0,FALSE
"T01300","Tram","Station_5","Station_18",15,"Storm",23.04,56.08,29.93,22.38,"No Event",1,TRUE
"T01301","Metro","Station_21","Station_27",10,"Snow",0.57,54.66,23.75,13.32,"No Event",1,TRUE
"T01302","Tram","Station_12","Station_43",-11,"Clear",19.07,45.82,15.17,1.88,"No Event",1,FALSE
"T01303","Train","Station_50","Station_32",14,"Snow",6.24,45.04,18.99,15.89,"Parade",1,TRUE
"T01304","Train","Station_4","Station_33",1,"Clear",29.4,58.65,9.72,1.74,"No Event",0,FALSE
"T01305","Tram","Station_49","Station_28",4,"Fog",20.76,52.36,22.69,1.92,"Sports",0,FALSE
"T01306","Metro","Station_42","Station_42",-3,"Clear",21.85,52.92,4.49,2.04,"Sports",0,FALSE
"T01307","Metro","Station_20","Station_41",-1,"Fog",27.09,57.32,5.96,2.07,"No Event",0,FALSE
"T01308","Bus","Station_38","Station_36",6,"Snow",8.84,52.01,17.95,14.64,"Festival",0,TRUE
"T01309","Metro","Station_25","Station_6",1,"Rain",27.13,57.15,11.19,8.06,"No Event",0,FALSE
"T01310","Tram","Station_14","Station_16",7,"Cloudy",29.66,51.14,9.45,1.69,"Concert",0,TRUE
"T01311","Train","Station_11","Station_34",5,"Rain",21.89,57.43,13.27,2.17,"Concert",0,TRUE
"T01312","Bus","Station_32","Station_23",7,"Fog",15.81,51.59,17.08,1.88,"No Event",0,TRUE
"T01313","Bus","Station_11","Station_50",50,"Storm",19.05,52.86,46.38,24.02,"No Event",0,TRUE
"T01314","Train","Station_18","Station_42",12,"Storm",14.79,58.87,NA,14.24,"Sports",0,TRUE
"T01315","Metro","Station_27","Station_24",0,"Rain",8.15,55.79,15.09,9.36,"No Event",0,FALSE
"T01316","Train","Station_18","Station_49",11,"Storm",7.51,64.66,47.07,16.78,"No Event",0,TRUE
"T01317","Metro","Station_23","Station_13",26,"Fog",25.98,59.44,15.3,2.27,"Sports",0,TRUE
"T01318","Train","Station_11","Station_18",17,"Snow",6.32,42.79,17.44,16.39,"Sports",0,TRUE
"T01319","Tram","Station_21","Station_13",13,"Cloudy",26.01,60.77,11.27,1.89,"No Event",0,TRUE
"T01320","Metro","Station_44","Station_49",-3,"Clear",24.7,53.88,11.75,1.98,"No Event",0,FALSE
"T01321","Tram","Station_5","Station_37",-2,"Fog",27.39,47.48,17.55,2.45,"No Event",0,FALSE
"T01322","Bus","Station_23","Station_43",-8,"Fog",22.75,51.46,5.24,2.36,"No Event",0,FALSE
"T01323","Train","Station_41","Station_39",-1,"Clear",28.56,52.91,16.03,2.04,"No Event",0,FALSE
"T01324","Bus","Station_25","Station_42",24,"Clear",29.69,48.77,14.51,2.09,"Festival",0,TRUE
"T01325","Bus","Station_41","Station_17",-4,"Cloudy",16.56,52.39,14.74,2.02,"No Event",0,FALSE
"T01326","Bus","Station_10","Station_15",21,"Cloudy",26.56,53.13,14.43,1.92,"No Event",0,TRUE
"T01327","Bus","Station_22","Station_18",-7,"Cloudy",13.98,60.69,12.94,2.06,"Sports",0,FALSE
"T01328","Train","Station_19","Station_23",13,"Storm",7.94,54.1,40.88,NA,"No Event",0,TRUE
"T01329","Bus","Station_1","Station_30",-4,"Fog",24.61,48.79,17.82,2.27,"No Event",0,FALSE
"T01330","Train","Station_7","Station_34",9,"Snow",2.32,53.85,22.17,14.39,"Concert",0,TRUE
"T01331","Train","Station_4","Station_4",1,"Clear",20.61,52.99,20.17,2.13,"Sports",0,FALSE
"T01332","Tram","Station_1","Station_3",4,"Fog",38,58.19,8.94,1.74,"Sports",0,FALSE
"T01333","Metro","Station_15","Station_7",3,"Fog",24.11,58.94,12.61,2.47,"Sports",0,FALSE
"T01334","Metro","Station_40","Station_18",-5,"Cloudy",19.6,51.72,14.42,1.59,"No Event",0,FALSE
"T01335","Train","Station_12","Station_42",-3,"Cloudy",22.94,41.77,16.08,2.02,"Festival",0,FALSE
"T01336","Tram","Station_22","Station_7",-3,"Fog",26.37,57.03,7.21,2.29,"No Event",0,FALSE
"T01337","Train","Station_22","Station_40",0,"Cloudy",27.99,57.21,13.97,1.9,"No Event",0,FALSE
"T01338","Train","Station_50","Station_6",13,"Storm",14.15,46.62,46.86,18.7,"No Event",0,TRUE
"T01339","Train","Station_47","Station_22",-7,"Clear",22.14,60.18,13.19,1.85,"No Event",0,FALSE
"T01340","Tram","Station_17","Station_1",-1,"Fog",22.73,53.07,18.02,2.4,"No Event",0,FALSE
"T01341","Metro","Station_29","Station_4",2,"Clear",34.76,49.59,16,2.03,"No Event",0,FALSE
"T01342","Tram","Station_46","Station_46",11,"Storm",13.85,59.32,31.56,17.53,"No Event",0,TRUE
"T01343","Bus","Station_14","Station_49",15,"Cloudy",29.84,55.13,13.44,2.44,"No Event",0,TRUE
"T01344","Tram","Station_50","Station_50",5,"Rain",24.88,57.96,18.09,-0.81,"Sports",0,TRUE
"T01345","Tram","Station_20","Station_43",15,"Storm",12.33,60.28,49.07,8.04,"Sports",0,TRUE
"T01346","Tram","Station_50","Station_29",3,"Rain",21.23,54.17,21.2,5.01,"No Event",0,FALSE
"T01347","Tram","Station_48","Station_21",-11,"Clear",24.94,55.19,14.12,1.76,"No Event",0,FALSE
"T01348","Metro","Station_33","Station_26",2,"Fog",42.13,52.11,9.59,1.14,"No Event",0,FALSE
"T01349","Bus","Station_43","Station_14",10,"Cloudy",14.37,54.16,14,2.1,"No Event",0,TRUE
"T01350","Metro","Station_15","Station_9",10,"Storm",2.97,47.31,43.1,15.9,"Sports",0,TRUE
"T01351","Metro","Station_12","Station_47",-7,"Cloudy",23.99,48.22,14.6,2.17,"No Event",0,FALSE
"T01352","Tram","Station_40","Station_12",6,"Rain",18.46,64.09,12.23,15.37,"No Event",0,TRUE
"T01353","Train","Station_20","Station_42",-2,"Rain",19.79,55.5,21.86,6.97,"No Event",0,FALSE
"T01354","Train","Station_30","Station_6",6,"Snow",2.27,51.11,14.52,15.13,"Protest",0,TRUE
"T01355","Metro","Station_38","Station_20",-3,"Fog",19.13,50.06,10.32,NA,"No Event",0,FALSE
"T01356","Metro","Station_3","Station_24",15,"Rain",20.94,41.89,23.01,3.85,"Concert",1,TRUE
"T01357","Tram","Station_28","Station_27",13,"Fog",25.59,50.48,9.25,1.81,"No Event",1,TRUE
"T01358","Metro","Station_26","Station_38",13,"Snow",-1.16,52.82,11.94,13.61,"Sports",1,TRUE
"T01359","Tram","Station_30","Station_8",25,"Storm",6.43,56.37,NA,5.46,"Festival",1,TRUE
"T01360","Train","Station_13","Station_1",11,"Snow",-5.32,49.4,17.27,13.67,"No Event",0,TRUE
"T01361","Train","Station_13","Station_49",-8,"Fog",23.12,46.88,20.18,1.92,"Protest",0,FALSE
"T01362","Bus","Station_2","Station_49",17,"Rain",20.74,51.59,20.36,6.8,"Sports",0,TRUE
"T01363","Train","Station_37","Station_24",0,"Clear",20.68,52.24,4.24,2.25,"Sports",0,FALSE
"T01364","Metro","Station_49","Station_47",3,"Fog",35.09,38.83,10.75,1.95,"Sports",0,FALSE
"T01365","Train","Station_38","Station_7",-4,"Cloudy",26.16,55.35,11.55,1.82,"No Event",0,FALSE
"T01366","Tram","Station_2","Station_19",-2,"Clear",20.36,44.44,12.32,2.36,"No Event",0,FALSE
"T01367","Train","Station_36","Station_22",9,"Fog",25.11,57.9,12.51,2.15,"Parade",0,TRUE
"T01368","Bus","Station_26","Station_35",-4,"Cloudy",21.33,47.44,9.83,2.3,"No Event",0,FALSE
"T01369","Train","Station_11","Station_30",24,"Snow",7.87,39.52,17.41,13.84,"Parade",0,TRUE
"T01370","Tram","Station_8","Station_29",-10,"Clear",26.06,52.53,22.37,1.94,"No Event",0,FALSE
"T01371","Tram","Station_44","Station_22",1,"Fog",34,57.39,9.33,2.01,"No Event",0,FALSE
"T01372","Metro","Station_40","Station_11",15,"Storm",9,57.59,56.53,28.16,"Concert",0,TRUE
"T01373","Train","Station_43","Station_20",2,"Snow",11.09,51.25,NA,15.16,"Protest",0,FALSE
"T01374","Tram","Station_22","Station_29",-4,"Cloudy",15.63,49.45,12.88,1.96,"No Event",0,FALSE
"T01375","Bus","Station_20","Station_41",34,"Storm",12.7,53.12,40.15,12.69,"No Event",0,TRUE
"T01376","Metro","Station_8","Station_42",8,"Rain",19.37,55.54,14.79,8.11,"Sports",0,TRUE
"T01377","Bus","Station_29","Station_34",27,"Snow",3.33,48.26,NA,13.18,"Parade",0,TRUE
"T01378","Train","Station_40","Station_1",11,"Snow",4.72,50.73,8.87,15.99,"Concert",0,TRUE
"T01379","Train","Station_26","Station_31",-5,"Fog",22.88,50.28,17.76,2.58,"No Event",0,FALSE
"T01380","Train","Station_30","Station_30",0,"Fog",24.65,NA,13.35,2.17,"No Event",0,FALSE
"T01381","Metro","Station_17","Station_48",2,"Cloudy",13.12,51.87,15.99,2.33,"Festival",0,FALSE
"T01382","Tram","Station_20","Station_18",3,"Snow",1.82,45.86,8.99,16.27,"No Event",0,FALSE
"T01383","Metro","Station_16","Station_17",-8,"Fog",24.27,54.26,10.06,1.81,"No Event",0,FALSE
"T01384","Bus","Station_46","Station_38",21,"Rain",19.56,54.11,19.25,3.83,"No Event",0,TRUE
"T01385","Metro","Station_43","Station_14",-7,"Fog",28.51,62.11,12.57,1.8,"No Event",0,FALSE
"T01386","Bus","Station_7","Station_23",11,"Snow",15.99,39.05,9.02,15.28,"No Event",0,TRUE
"T01387","Metro","Station_16","Station_25",-6,"Clear",27.14,59.71,18.5,2.57,"No Event",0,FALSE
"T01388","Tram","Station_45","Station_15",23,"Storm",NA,60.51,39.07,18.22,"Sports",0,TRUE
"T01389","Bus","Station_47","Station_46",-10,"Snow",-3.14,58.23,16.52,15.03,"No Event",0,FALSE
"T01390","Train","Station_48","Station_22",1,"Rain",25.48,NA,10.59,6.64,"No Event",0,FALSE
"T01391","Train","Station_27","Station_3",12,"Snow",4.2,36.27,16.52,15.55,"No Event",0,TRUE
"T01392","Metro","Station_23","Station_19",8,"Rain",22.87,53.02,8.53,10.94,"Festival",0,TRUE
"T01393","Train","Station_24","Station_44",14,"Snow",19.4,42.12,14.72,15.42,"Concert",0,TRUE
"T01394","Bus","Station_9","Station_34",27,"Storm",15.39,58.9,47.02,19.33,"No Event",0,TRUE
"T01395","Train","Station_35","Station_35",3,"Storm",9.64,55.7,40.9,16.33,"No Event",0,FALSE
"T01396","Tram","Station_20","Station_50",8,"Rain",20.13,52.48,23.06,1.86,"No Event",1,TRUE
"T01397","Tram","Station_37","Station_1",41,"Snow",14.93,46.25,14.8,16.52,"Festival",1,TRUE
"T01398","Metro","Station_42","Station_21",17,"Storm",5.75,51.98,38.75,13.08,"No Event",1,TRUE
"T01399","Bus","Station_17","Station_29",34,"Cloudy",25.21,57.88,13.71,2.25,"No Event",1,TRUE
"T01400","Tram","Station_47","Station_6",4,"Snow",2.52,54.31,21.6,14.8,"Sports",0,FALSE
"T01401","Tram","Station_31","Station_37",25,"Storm",12.21,56.94,53.35,20.94,"Concert",0,TRUE
"T01402","Bus","Station_8","Station_1",-5,"Clear",30.94,50.84,10.79,2.4,"No Event",0,FALSE
"T01403","Train","Station_15","Station_1",-8,"Clear",30.05,58.47,18.56,1.91,"No Event",0,FALSE
"T01404","Train","Station_31","Station_27",-6,"Cloudy",11.82,49.48,NA,2.24,"No Event",0,FALSE
"T01405","Metro","Station_30","Station_21",13,"Storm",13.1,58.29,28.66,14.87,"No Event",0,TRUE
"T01406","Train","Station_46","Station_16",-2,"Clear",18.3,56.37,15.04,2.34,"No Event",0,FALSE
"T01407","Bus","Station_20","Station_44",24,"Snow",15.13,43.61,22.75,15.01,"Parade",0,TRUE
"T01408","Tram","Station_39","Station_40",-1,"Fog",33.26,57.61,6.97,1.89,"No Event",0,FALSE
"T01409","Train","Station_12","Station_26",10,"Storm",15.5,51.64,34.15,10.74,"Concert",0,TRUE
"T01410","Metro","Station_49","Station_16",-5,"Cloudy",20.6,53.2,17.46,1.73,"No Event",0,FALSE
"T01411","Train","Station_17","Station_28",9,"Storm",10.49,49.33,49.19,NA,"No Event",0,TRUE
"T01412","Bus","Station_42","Station_1",36,"Rain",25.39,54.77,18.07,13.98,"Festival",0,TRUE
"T01413","Metro","Station_30","Station_36",7,"Rain",11.92,55.91,22.6,0.54,"Concert",0,TRUE
"T01414","Train","Station_29","Station_10",9,"Clear",28.5,62.48,22.98,2.39,"Parade",0,TRUE
"T01415","Metro","Station_19","Station_43",-3,"Rain",22.17,52.92,16.11,9.19,"No Event",0,FALSE
"T01416","Bus","Station_46","Station_17",-4,"Cloudy",23.16,45.59,17.32,1.67,"No Event",0,FALSE
"T01417","Tram","Station_11","Station_23",6,"Clear",24.11,45.31,13.52,1.68,"No Event",0,TRUE
"T01418","Bus","Station_34","Station_7",1,"Cloudy",19.47,51.83,23.24,2.42,"No Event",0,FALSE
"T01419","Bus","Station_50","Station_44",17,"Snow",NA,52.27,12.07,15.61,"No Event",0,TRUE
"T01420","Bus","Station_7","Station_7",15,"Cloudy",21.32,52.21,31.77,NA,"Festival",0,TRUE
"T01421","Bus","Station_44","Station_44",23,"Rain",24.16,48.5,13.05,9.02,"No Event",0,TRUE
"T01422","Tram","Station_34","Station_15",17,"Snow",6.06,30.84,10.47,16.98,"Festival",0,TRUE
"T01423","Tram","Station_20","Station_34",0,"Rain",17.37,53.95,24.07,8.82,"No Event",0,FALSE
"T01424","Metro","Station_50","Station_46",6,"Cloudy",22.05,44.73,12.82,NA,"Concert",0,TRUE
"T01425","Train","Station_38","Station_45",8,"Rain",16.94,59.54,NA,7.26,"No Event",0,TRUE
"T01426","Tram","Station_24","Station_4",2,"Rain",15.55,47.97,17.79,0.24,"No Event",0,FALSE
"T01427","Tram","Station_10","Station_14",24,"Rain",13.44,47.73,14.43,8.06,"Festival",0,TRUE
"T01428","Train","Station_32","Station_14",5,"Storm",10.49,49.17,49.61,13.93,"No Event",0,TRUE
"T01429","Tram","Station_15","Station_16",11,"Snow",4.65,48.82,17.67,14.35,"Sports",0,TRUE
"T01430","Bus","Station_37","Station_7",29,"Snow",2.58,61.48,3.57,14.59,"No Event",0,TRUE
"T01431","Bus","Station_20","Station_32",14,"Snow",-10.4,55.05,16.74,14.79,"Festival",0,TRUE
"T01432","Train","Station_3","Station_19",0,"Cloudy",21.03,55.43,11.71,2.22,"Sports",0,FALSE
"T01433","Metro","Station_37","Station_2",-3,"Fog",31.35,52.3,12.87,2.17,"No Event",0,FALSE
"T01434","Metro","Station_40","Station_10",0,"Cloudy",16.22,54.17,18.9,2.13,"No Event",0,FALSE
"T01435","Train","Station_8","Station_50",3,"Snow",0.940000000000001,50.16,11.31,14.85,"No Event",0,FALSE
"T01436","Train","Station_40","Station_17",0,"Clear",17.53,49.98,10.93,1.57,"No Event",0,FALSE
"T01437","Bus","Station_44","Station_37",13,"Rain",20.11,55.49,16.3,4.91,"No Event",0,TRUE
"T01438","Metro","Station_23","Station_12",1,"Rain",23.96,44.19,19.7,4.96,"No Event",0,FALSE
"T01439","Tram","Station_40","Station_6",3,"Fog",20.86,56.34,11.9,1.9,"No Event",0,FALSE
"T01440","Bus","Station_11","Station_22",10,"Clear",21.6,58.87,16.51,2.56,"Parade",0,TRUE
"T01441","Train","Station_46","Station_32",6,"Storm",0.739999999999998,50.76,40.32,24.35,"No Event",0,TRUE
"T01442","Metro","Station_8","Station_41",7,"Cloudy",11.79,52.13,27.89,1.51,"Festival",0,TRUE
"T01443","Tram","Station_29","Station_20",12,"Storm",18.8,56.28,50.7,18.29,"No Event",0,TRUE
"T01444","Tram","Station_30","Station_1",4,"Clear",28.79,36.31,10.69,1.57,"Concert",0,FALSE
"T01445","Bus","Station_10","Station_47",20,"Fog",20.99,48.24,15.29,2.04,"No Event",0,TRUE
"T01446","Metro","Station_39","Station_6",-9,"Clear",18.65,48.48,9.74,2.15,"No Event",0,FALSE
"T01447","Metro","Station_28","Station_19",6,"Fog",26.25,51.88,11.91,2.3,"Festival",0,TRUE
"T01448","Train","Station_49","Station_18",14,"Storm",10.97,57.24,43.41,16.03,"Parade",0,TRUE
"T01449","Metro","Station_36","Station_6",15,"Storm",11.52,49.65,36.82,30,"No Event",0,TRUE
"T01450","Metro","Station_13","Station_45",-1,"Clear",23.43,48.41,10.28,1.95,"Festival",0,FALSE
"T01451","Bus","Station_32","Station_33",2,"Clear",8.73,58.61,19.84,1.58,"Concert",0,FALSE
"T01452","Metro","Station_36","Station_23",21,"Rain",18.25,58.68,14.99,0.0899999999999999,"Parade",1,TRUE
"T01453","Tram","Station_37","Station_23",5,"Fog",31.39,50.59,10.22,2.17,"No Event",1,TRUE
"T01454","Bus","Station_26","Station_26",22,"Rain",20.39,47.85,12.36,-2.29,"Parade",1,TRUE
"T01455","Bus","Station_22","Station_13",3,"Cloudy",23.94,46.08,11.45,1.98,"Festival",1,FALSE
"T01456","Train","Station_4","Station_7",-5,"Cloudy",16.78,55.47,18.99,2.11,"No Event",0,FALSE
"T01457","Metro","Station_31","Station_15",-4,"Clear",27.9,51.14,9.26,1.65,"No Event",0,FALSE
"T01458","Train","Station_18","Station_44",10,"Storm",-0.489999999999998,51.72,37.12,NA,"No Event",0,TRUE
"T01459","Tram","Station_38","Station_27",-2,"Cloudy",27.47,59.58,14.8,2.2,"No Event",0,FALSE
"T01460","Bus","Station_24","Station_26",3,"Cloudy",30.17,56.42,10.3,1.58,"Protest",0,FALSE
"T01461","Bus","Station_23","Station_33",22,"Rain",18.7,NA,19.4,4.58,"Sports",0,TRUE
"T01462","Bus","Station_22","Station_15",15,"Rain",14.84,48.61,6.27,3.48,"Sports",0,TRUE
"T01463","Tram","Station_2","Station_36",-3,"Cloudy",23.21,59.71,21.31,1.24,"No Event",0,FALSE
"T01464","Tram","Station_31","Station_45",0,"Clear",25.67,58.89,13.8,2.21,"No Event",0,FALSE
"T01465","Train","Station_11","Station_27",11,"Rain",16.04,50.35,4.91,13.05,"No Event",0,TRUE
"T01466","Train","Station_28","Station_5",0,"Cloudy",20.46,49.16,22.93,2.54,"Sports",0,FALSE
"T01467","Train","Station_46","Station_2",15,"Storm",11.54,52.43,45.83,24.5,"No Event",0,TRUE
"T01468","Metro","Station_32","Station_33",-1,"Rain",15.6,49.89,18.53,5.65,"No Event",0,FALSE
"T01469","Bus","Station_5","Station_16",-11,"Cloudy",15.2,52,22.9,2.44,"No Event",0,FALSE
"T01470","Bus","Station_38","Station_23",-3,"Fog",25.82,58.65,15.83,1.88,"No Event",0,FALSE
"T01471","Train","Station_10","Station_38",1,"Rain",19.75,52.27,23,1.41,"No Event",0,FALSE
"T01472","Bus","Station_40","Station_16",10,"Fog",26.61,51.64,12.74,1.84,"No Event",0,TRUE
"T01473","Train","Station_46","Station_14",4,"Rain",23.02,48.66,15.57,5.45,"Parade",0,FALSE
"T01474","Metro","Station_24","Station_29",3,"Rain",11.62,50.24,17.63,10.29,"No Event",0,FALSE
"T01475","Metro","Station_35","Station_26",16,"Snow",1.1,46.66,21.74,15.05,"Festival",0,TRUE
"T01476","Tram","Station_44","Station_35",6,"Snow",11.68,54.59,13.73,14.24,"No Event",0,TRUE
"T01477","Metro","Station_48","Station_15",-1,"Fog",32.98,54.3,6.13,2.18,"Festival",0,FALSE
"T01478","Train","Station_23","Station_3",-6,"Clear",15.82,43.59,13.92,1.95,"No Event",0,FALSE
"T01479","Metro","Station_17","Station_23",0,"Cloudy",31.98,62.71,NA,2.11,"Protest",0,FALSE
"T01480","Tram","Station_1","Station_29",0,"Clear",20.9,52.75,16.13,1.88,"Festival",0,FALSE
"T01481","Bus","Station_31","Station_34",15,"Clear",22.48,42.21,NA,1.88,"No Event",0,TRUE
"T01482","Train","Station_31","Station_33",14,"Snow",0.379999999999999,41.43,14.08,15.15,"Festival",0,TRUE
"T01483","Bus","Station_42","Station_41",14,"Cloudy",NA,NA,13.66,1.8,"No Event",0,TRUE
"T01484","Tram","Station_42","Station_41",5,"Snow",4.42,41.02,17.48,13.94,"Sports",0,TRUE
"T01485","Tram","Station_34","Station_23",11,"Snow",1.96,47.7,15.06,16.07,"No Event",0,TRUE
"T01486","Tram","Station_9","Station_7",15,"Snow",13.25,47.66,25.12,15.15,"Festival",0,TRUE
"T01487","Bus","Station_22","Station_3",13,"Storm",9.58,52,NA,26.74,"Protest",0,TRUE
"T01488","Bus","Station_13","Station_32",-1,"Clear",26.18,56.26,15.75,1.81,"No Event",0,FALSE
"T01489","Bus","Station_25","Station_31",3,"Clear",27.79,53.94,20.36,2.17,"No Event",0,FALSE
"T01490","Bus","Station_48","Station_18",-2,"Clear",27.14,52.25,12.28,1.47,"Festival",0,FALSE
"T01491","Tram","Station_18","Station_43",23,"Storm",8.54,41.92,50.55,20.84,"Sports",0,TRUE
"T01492","Tram","Station_12","Station_7",3,"Rain",29.93,56.98,11.21,5.31,"Parade",1,FALSE
"T01493","Train","Station_40","Station_41",6,"Fog",22.98,50.98,18.73,1.75,"No Event",1,TRUE
"T01494","Train","Station_17","Station_1",-1,"Fog",22.44,56.26,19.95,2.19,"No Event",1,FALSE
"T01495","Bus","Station_15","Station_14",39,"Storm",5.28,52.5,NA,10.8,"No Event",1,TRUE
"T01496","Metro","Station_42","Station_32",-3,"Clear",23.5,44.91,10.6,2.31,"No Event",0,FALSE
"T01497","Metro","Station_15","Station_6",-3,"Fog",16.56,51.82,15.92,2.27,"No Event",0,FALSE
"T01498","Tram","Station_15","Station_39",20,"Storm",3.2,54.45,44.18,22.01,"No Event",0,TRUE
"T01499","Tram","Station_39","Station_10",13,"Snow",11.55,46.25,21.45,15.38,"No Event",0,TRUE
"T01500","Tram","Station_13","Station_7",1,"Cloudy",19.7,60.87,18.17,2.24,"No Event",0,FALSE
"T01501","Train","Station_17","Station_26",-6,"Fog",32.18,51.99,8.37,2.59,"No Event",0,FALSE
"T01502","Train","Station_32","Station_34",3,"Cloudy",28.55,50.37,17.42,2.17,"Sports",0,FALSE
"T01503","Tram","Station_9","Station_30",10,"Clear",24.88,56.23,23.2,2.16,"No Event",0,TRUE
"T01504","Tram","Station_40","Station_36",0,"Fog",23.64,48.19,21.46,1.79,"No Event",0,FALSE
"T01505","Tram","Station_20","Station_21",16,"Storm",9.08,55.12,54.14,26.34,"No Event",0,TRUE
"T01506","Metro","Station_26","Station_17",4,"Rain",35.21,53.36,22.69,2.89,"No Event",0,FALSE
"T01507","Train","Station_27","Station_33",8,"Fog",18.78,57.35,16.12,1.96,"Festival",0,TRUE
"T01508","Metro","Station_21","Station_10",-5,"Fog",35.9,NA,21.38,1.96,"No Event",0,FALSE
"T01509","Metro","Station_18","Station_47",2,"Fog",32.32,53.7,23.8,1.43,"Festival",0,FALSE
"T01510","Tram","Station_13","Station_42",-3,"Fog",28.65,53.88,12.6,2.02,"No Event",0,FALSE
"T01511","Tram","Station_16","Station_12",15,"Storm",13,55.87,48.23,21.54,"Festival",0,TRUE
"T01512","Bus","Station_9","Station_16",25,"Storm",9.94,54.65,45.6,27.28,"No Event",0,TRUE
"T01513","Bus","Station_12","Station_41",16,"Rain",26.72,49.36,15.15,11.56,"No Event",0,TRUE
"T01514","Metro","Station_44","Station_32",6,"Storm",14.94,NA,44.01,8.94,"Protest",0,TRUE
"T01515","Train","Station_38","Station_15",14,"Storm",18.53,47.2,47.3,16.84,"No Event",0,TRUE
"T01516","Tram","Station_19","Station_27",4,"Clear",32.82,40.12,10.23,2.36,"Sports",0,FALSE
"T01517","Tram","Station_7","Station_28",4,"Clear",25.12,54.83,NA,2.07,"No Event",0,FALSE
"T01518","Metro","Station_35","Station_17",4,"Cloudy",12.79,50.36,10.78,2.27,"Sports",0,FALSE
"T01519","Bus","Station_48","Station_46",25,"Rain",21.01,49.19,13.46,8.29,"Festival",0,TRUE
"T01520","Train","Station_18","Station_50",3,"Clear",24.79,47.83,16.7,1.9,"Parade",0,FALSE
"T01521","Bus","Station_16","Station_2",-3,"Rain",14.24,50.79,16.03,5.95,"No Event",0,FALSE
"T01522","Bus","Station_39","Station_36",16,"Rain",9.58,47.82,11.96,7.48,"No Event",0,TRUE
"T01523","Bus","Station_4","Station_50",25,"Fog",22,47.01,13.24,2.19,"Parade",0,TRUE
"T01524","Bus","Station_25","Station_7",30,"Snow",4.16,48.83,8.72,15.07,"Festival",0,TRUE
"T01525","Tram","Station_32","Station_13",19,"Snow",3,48.47,16.12,15.92,"No Event",0,TRUE
"T01526","Tram","Station_40","Station_15",5,"Snow",-1.62,48.26,17.4,15.48,"No Event",0,TRUE
"T01527","Bus","Station_13","Station_25",-15,"Rain",13.03,51.96,18.4,5.83,"No Event",0,FALSE
"T01528","Train","Station_45","Station_23",3,"Fog",16.1,56.77,8.15,1.63,"Parade",0,FALSE
"T01529","Metro","Station_17","Station_22",-7,"Cloudy",23.83,46.62,20.61,1.29,"No Event",0,FALSE
"T01530","Train","Station_49","Station_26",-4,"Cloudy",26.32,55.1,14.46,2.08,"No Event",0,FALSE
"T01531","Train","Station_37","Station_33",14,"Snow",5.33,51.22,19.36,14.29,"Concert",0,TRUE
"T01532","Train","Station_6","Station_11",5,"Cloudy",14.96,55.83,3.35,1.62,"Festival",0,TRUE
"T01533","Bus","Station_19","Station_10",0,"Fog",13.8,50.39,8.6,2.12,"Protest",0,FALSE
"T01534","Tram","Station_13","Station_25",8,"Snow",1.66,43.8,15.41,14.88,"No Event",0,TRUE
"T01535","Train","Station_26","Station_37",-3,"Fog",NA,53.27,17.4,2.36,"No Event",0,FALSE
"T01536","Bus","Station_14","Station_48",6,"Cloudy",14.44,52.07,6.44,2.07,"Parade",0,TRUE
"T01537","Train","Station_31","Station_43",9,"Snow",4.75,45.23,4.31,14.96,"Sports",0,TRUE
"T01538","Train","Station_4","Station_38",7,"Fog",25.68,46.67,13.51,2.01,"Concert",0,TRUE
"T01539","Bus","Station_39","Station_41",24,"Storm",20.04,52.71,44.9,18.05,"Sports",0,TRUE
"T01540","Tram","Station_8","Station_45",7,"Storm",19.74,48.32,48.55,19.8,"No Event",0,TRUE
"T01541","Tram","Station_25","Station_24",7,"Fog",20.23,50.53,11.83,1.91,"Sports",0,TRUE
"T01542","Metro","Station_13","Station_40",-4,"Fog",26.93,47.14,17.38,2.29,"No Event",0,FALSE
"T01543","Bus","Station_32","Station_46",-3,"Clear",26.04,52.49,15.55,1.89,"No Event",0,FALSE
"T01544","Metro","Station_38","Station_33",11,"Clear",21.9,58.45,23.21,1.88,"Festival",0,TRUE
"T01545","Metro","Station_38","Station_17",0,"Rain",17.54,47.8,6.05,9.23,"No Event",0,FALSE
"T01546","Metro","Station_28","Station_24",6,"Snow",-1.1,45.93,NA,14.32,"No Event",0,TRUE
"T01547","Tram","Station_30","Station_37",12,"Rain",23.99,55.19,9.66,3.86,"No Event",0,TRUE
"T01548","Bus","Station_3","Station_2",8,"Rain",26.1,52.88,10.82,1.13,"No Event",1,TRUE
"T01549","Metro","Station_28","Station_32",12,"Cloudy",28.58,47.55,12.79,2.51,"Protest",1,TRUE
"T01550","Bus","Station_3","Station_24",41,"Storm",5.1,57.31,38.76,22.87,"Concert",1,TRUE
"T01551","Bus","Station_45","Station_9",10,"Cloudy",16.05,52.82,13.27,1.65,"No Event",1,TRUE
"T01552","Tram","Station_34","Station_4",10,"Snow",10.79,48.53,8.36,15.98,"No Event",0,TRUE
"T01553","Metro","Station_16","Station_17",-1,"Fog",28.07,57.93,26.67,2.15,"No Event",0,FALSE
"T01554","Metro","Station_22","Station_17",-6,"Clear",27.02,53.59,8.58,1.98,"No Event",0,FALSE
"T01555","Bus","Station_32","Station_50",18,"Snow",1.36,54.2,19.14,14.99,"Sports",0,TRUE
"T01556","Train","Station_38","Station_48",-7,"Fog",23.98,49.67,15.02,1.73,"No Event",0,FALSE
"T01557","Tram","Station_8","Station_30",10,"Snow",-3.79,55.21,11.61,14.67,"Sports",0,TRUE
"T01558","Tram","Station_8","Station_40",-4,"Fog",25.42,56.82,12.87,1.91,"No Event",0,FALSE
"T01559","Tram","Station_6","Station_11",-3,"Clear",18.15,55.58,18.04,1.77,"No Event",0,FALSE
"T01560","Tram","Station_14","Station_21",2,"Fog",29.61,53.47,10.36,1.78,"No Event",0,FALSE
"T01561","Metro","Station_32","Station_21",-2,"Rain",31.52,41.34,20.42,5.95,"No Event",0,FALSE
"T01562","Metro","Station_35","Station_18",13,"Snow",2.54,47.7,8.49,15.81,"Festival",0,TRUE
"T01563","Train","Station_10","Station_29",3,"Clear",20.2,48.23,8.96,2.15,"No Event",0,FALSE
"T01564","Tram","Station_3","Station_24",4,"Fog",28.64,56.09,17.19,1.68,"No Event",0,FALSE
"T01565","Tram","Station_12","Station_10",-2,"Rain",19.14,58.86,16.22,7.91,"Festival",0,FALSE
"T01566","Bus","Station_49","Station_45",12,"Rain",18.48,58.68,17.67,9.59,"Concert",0,TRUE
"T01567","Metro","Station_31","Station_17",18,"Storm",12.94,56.28,44.28,23.18,"No Event",0,TRUE
"T01568","Tram","Station_29","Station_18",8,"Rain",19.15,64.8,15.07,9.32,"Parade",0,TRUE
"T01569","Train","Station_5","Station_42",-2,"Cloudy",21.07,55.33,12.53,2.04,"No Event",0,FALSE
"T01570","Train","Station_25","Station_48",5,"Clear",21.89,49.41,18.34,1.91,"Sports",0,TRUE
"T01571","Metro","Station_41","Station_20",-3,"Clear",30.13,49.18,23.88,1.98,"No Event",0,FALSE
"T01572","Train","Station_31","Station_37",3,"Clear",20.41,62.15,11.73,1.59,"Concert",0,FALSE
"T01573","Train","Station_21","Station_45",1,"Fog",29.33,47.05,11.54,1.57,"No Event",0,FALSE
"T01574","Metro","Station_20","Station_18",0,"Snow",8.03,46.51,11.15,16.62,"No Event",0,FALSE
"T01575","Tram","Station_39","Station_17",6,"Fog",37.05,62.23,15.69,1.95,"Concert",0,TRUE
"T01576","Tram","Station_22","Station_9",0,"Cloudy",21.63,50.7,10.55,2.54,"Concert",0,FALSE
"T01577","Train","Station_4","Station_14",11,"Snow",8.22,46.46,18.44,14.67,"Sports",0,TRUE
"T01578","Train","Station_13","Station_49",8,"Rain",27.05,51.98,22.32,8.09,"Festival",0,TRUE
"T01579","Tram","Station_45","Station_29",-3,"Fog",20.68,66.83,14.11,1.39,"No Event",0,FALSE
"T01580","Metro","Station_42","Station_31",6,"Snow",-0.239999999999998,46.78,11.44,14.56,"No Event",0,TRUE
"T01581","Train","Station_50","Station_4",14,"Rain",11.87,52.18,15.97,6.31,"Concert",0,TRUE
"T01582","Bus","Station_49","Station_18",13,"Snow",3.66,41.11,10.09,15.89,"Sports",0,TRUE
"T01583","Metro","Station_20","Station_20",-4,"Rain",19.39,49.91,18.56,9.48,"No Event",0,FALSE
"T01584","Train","Station_13","Station_47",3,"Snow",-0.140000000000001,44.38,10.26,13.05,"No Event",0,FALSE
"T01585","Train","Station_17","Station_43",-4,"Fog",28.59,52.53,15.48,2.45,"No Event",0,FALSE
"T01586","Bus","Station_36","Station_44",27,"Fog",25.81,50.83,21.66,1.64,"Parade",0,TRUE
"T01587","Bus","Station_33","Station_9",8,"Cloudy",NA,55.69,18.89,2.02,"No Event",0,TRUE
"T01588","Tram","Station_1","Station_13",38,"Storm",14.29,49.26,50.64,18.23,"No Event",1,TRUE
"T01589","Metro","Station_15","Station_15",6,"Clear",23.23,59.78,18.72,1.78,"No Event",1,TRUE
"T01590","Metro","Station_13","Station_27",3,"Fog",24.77,56.37,13.88,2.07,"Protest",1,FALSE
"T01591","Tram","Station_17","Station_15",15,"Fog",22.49,60.73,17.78,2.09,"Festival",1,TRUE
"T01592","Metro","Station_24","Station_28",7,"Rain",19.19,49.33,11.6,2.07,"Protest",0,TRUE
"T01593","Metro","Station_8","Station_37",29,"Storm",19.74,48.41,42.25,7.81,"Festival",0,TRUE
"T01594","Metro","Station_50","Station_19",1,"Fog",25.71,54.37,12.8,1.4,"No Event",0,FALSE
"T01595","Metro","Station_27","Station_26",9,"Snow",5.35,57.52,6.76,14.14,"No Event",0,TRUE
"T01596","Metro","Station_45","Station_26",13,"Storm",14.35,52.5,49.07,15.95,"Sports",0,TRUE
"T01597","Bus","Station_23","Station_25",2,"Clear",29.07,54.89,23.92,2.66,"No Event",0,FALSE
"T01598","Metro","Station_46","Station_26",1,"Snow",-0.350000000000001,51.61,13.55,12.98,"No Event",0,FALSE
"T01599","Bus","Station_8","Station_26",7,"Rain",17.88,51.33,11.7,1.79,"Protest",0,TRUE
"T01600","Metro","Station_8","Station_46",-1,"Cloudy",24.16,53.39,13.74,1.06,"Sports",0,FALSE
"T01601","Tram","Station_26","Station_28",22,"Snow",4.2,45.23,7.26,13.04,"Parade",0,TRUE
"T01602","Train","Station_47","Station_49",8,"Clear",33.94,46.63,10.96,1.78,"Parade",0,TRUE
"T01603","Bus","Station_13","Station_18",27,"Snow",5.72,42.15,20.01,15.17,"No Event",0,TRUE
"T01604","Metro","Station_39","Station_32",22,"Storm",19.88,46.56,44.84,16.79,"Festival",0,TRUE
"T01605","Tram","Station_37","Station_3",8,"Storm",NA,48.24,38.1,12.89,"No Event",0,TRUE
"T01606","Train","Station_49","Station_2",2,"Clear",21.63,42.83,18.24,1.58,"Sports",0,FALSE
"T01607","Bus","Station_28","Station_33",29,"Storm",2.67,39.45,NA,39.87,"No Event",0,TRUE
"T01608","Train","Station_25","Station_42",5,"Snow",2.12,NA,16.91,15.15,"No Event",0,TRUE
"T01609","Tram","Station_16","Station_19",8,"Cloudy",24.58,46.31,8.17,2.12,"Festival",0,TRUE
"T01610","Bus","Station_2","Station_17",-2,"Snow",5.64,44,12.04,16,"No Event",0,FALSE
"T01611","Train","Station_18","Station_44",12,"Cloudy",14.03,56.72,21.81,2.22,"Concert",0,TRUE
"T01612","Metro","Station_17","Station_33",11,"Storm",4.97,49.19,59.91,20.64,"No Event",0,TRUE
"T01613","Bus","Station_30","Station_12",14,"Snow",10.54,50.4,19.64,15,"No Event",0,TRUE
"T01614","Train","Station_39","Station_49",17,"Storm",8.27,49.86,44.14,29.8,"No Event",0,TRUE
"T01615","Tram","Station_13","Station_3",10,"Cloudy",13.79,51.11,12.44,2.13,"Concert",0,TRUE
"T01616","Tram","Station_32","Station_43",18,"Storm",11.18,61.54,44.55,17.18,"No Event",0,TRUE
"T01617","Bus","Station_50","Station_49",-9,"Fog",26.28,NA,17.94,1.77,"No Event",0,FALSE
"T01618","Train","Station_29","Station_26",6,"Rain",23.88,NA,17.53,0.66,"Sports",0,TRUE
"T01619","Bus","Station_46","Station_35",9,"Snow",2.43,50.11,12.45,14.28,"No Event",0,TRUE
"T01620","Bus","Station_30","Station_8",17,"Fog",27.85,41.07,20.96,2.04,"No Event",0,TRUE
"T01621","Train","Station_18","Station_36",19,"Storm",NA,54.99,48.01,2.22,"Festival",0,TRUE
"T01622","Train","Station_13","Station_7",18,"Storm",11.45,53.85,38.3,19.21,"No Event",0,TRUE
"T01623","Metro","Station_43","Station_46",-4,"Rain",20.96,42.97,24.01,6.04,"No Event",0,FALSE
"T01624","Train","Station_21","Station_46",19,"Storm",14.07,48.7,45.7,32.16,"Sports",0,TRUE
"T01625","Tram","Station_30","Station_36",11,"Rain",20.86,53.75,1.38,9.41,"Sports",0,TRUE
"T01626","Bus","Station_21","Station_16",14,"Snow",9.6,45.7,3.97,15.97,"Sports",0,TRUE
"T01627","Bus","Station_48","Station_24",-4,"Cloudy",14.16,54.17,12.64,2.11,"Parade",0,FALSE
"T01628","Tram","Station_17","Station_1",2,"Rain",22.84,50.12,19.7,6.8,"No Event",0,FALSE
"T01629","Train","Station_40","Station_49",7,"Rain",25.52,58.35,19.74,10.3,"Parade",0,TRUE
"T01630","Tram","Station_19","Station_25",7,"Fog",NA,56.41,11.48,2.38,"Parade",0,TRUE
"T01631","Tram","Station_15","Station_10",22,"Storm",22.02,47.98,48.06,27.39,"Festival",0,TRUE
"T01632","Metro","Station_9","Station_16",15,"Snow",5.01,49.51,4.08,16.48,"No Event",0,TRUE
"T01633","Tram","Station_10","Station_16",15,"Cloudy",29.11,55.42,17.23,1.52,"Festival",0,TRUE
"T01634","Bus","Station_44","Station_8",13,"Clear",28.35,48.15,0,1.7,"No Event",0,TRUE
"T01635","Tram","Station_31","Station_29",-2,"Rain",22.13,53.04,14.47,2.9,"Sports",0,FALSE
"T01636","Bus","Station_23","Station_39",-14,"Clear",19.76,45.12,27.42,2.15,"No Event",0,FALSE
"T01637","Bus","Station_30","Station_28",30,"Storm",18.24,55.25,NA,27.08,"Protest",0,TRUE
"T01638","Bus","Station_33","Station_6",13,"Rain",11.38,48.65,17.1,2.76,"Concert",0,TRUE
"T01639","Train","Station_9","Station_16",1,"Clear",28.44,54.91,16.15,2.39,"No Event",0,FALSE
"T01640","Metro","Station_47","Station_20",2,"Fog",24.13,47.07,19.06,1.9,"Festival",0,FALSE
"T01641","Bus","Station_1","Station_16",-4,"Clear",13.59,51.74,12.89,1.74,"No Event",0,FALSE
"T01642","Bus","Station_44","Station_7",12,"Fog",29.07,58.44,16.21,1.91,"Concert",0,TRUE
"T01643","Train","Station_35","Station_41",-3,"Cloudy",17.52,57.91,11.08,2.14,"No Event",0,FALSE
"T01644","Bus","Station_11","Station_14",42,"Storm",4.59,53.47,58.56,32.94,"Festival",1,TRUE
"T01645","Tram","Station_34","Station_43",10,"Snow",6.04,52.26,20.63,15.78,"No Event",1,TRUE
"T01646","Tram","Station_16","Station_26",4,"Clear",27.41,54.19,6.5,2.02,"No Event",1,FALSE
"T01647","Metro","Station_9","Station_26",14,"Rain",26.4,56.5,13.73,4.08,"No Event",1,TRUE
"T01648","Bus","Station_32","Station_14",21,"Storm",-1.52,57.65,48.13,21.83,"Sports",0,TRUE
"T01649","Train","Station_15","Station_7",4,"Clear",25.27,48.21,18.08,2.28,"Concert",0,FALSE
"T01650","Tram","Station_12","Station_33",-5,"Rain",26.91,59.56,15.17,2.33,"No Event",0,FALSE
"T01651","Train","Station_33","Station_26",-1,"Rain",27.65,57.38,19.43,4.44,"No Event",0,FALSE
"T01652","Train","Station_45","Station_45",7,"Snow",9.33,41.44,8.18,16.2,"No Event",0,TRUE
"T01653","Tram","Station_14","Station_20",17,"Snow",NA,54.62,12.95,14.36,"Festival",0,TRUE
"T01654","Train","Station_8","Station_3",4,"Rain",17.97,54.99,11.67,10.46,"Sports",0,FALSE
"T01655","Tram","Station_8","Station_4",1,"Snow",16.04,58.22,17.95,15.33,"No Event",0,FALSE
"T01656","Train","Station_27","Station_26",0,"Rain",24.84,48.75,19.7,7.01,"No Event",0,FALSE
"T01657","Tram","Station_12","Station_11",-7,"Clear",27.76,56.08,11.91,1.94,"No Event",0,FALSE
"T01658","Bus","Station_1","Station_2",7,"Cloudy",18.19,49.33,17.47,2.07,"Festival",0,TRUE
"T01659","Metro","Station_43","Station_14",-3,"Snow",14.44,44.21,15.97,14.59,"No Event",0,FALSE
"T01660","Tram","Station_40","Station_44",-1,"Fog",21.87,50.71,7.72,1.8,"Sports",0,FALSE
"T01661","Tram","Station_42","Station_30",-3,"Fog",21.68,51.37,20.86,1.93,"No Event",0,FALSE
"T01662","Metro","Station_11","Station_49",7,"Fog",30.34,52.23,12.96,1.94,"No Event",0,TRUE
"T01663","Tram","Station_39","Station_12",-5,"Cloudy",26.76,43.83,12.87,1.46,"No Event",0,FALSE
"T01664","Tram","Station_43","Station_26",8,"Rain",17.2,54.19,24.29,8.06,"Festival",0,TRUE
"T01665","Train","Station_31","Station_44",1,"Rain",21.15,52.68,11.72,14.46,"Festival",0,FALSE
"T01666","Metro","Station_17","Station_33",9,"Storm",8.55,55.06,36.15,19.54,"No Event",0,TRUE
"T01667","Bus","Station_33","Station_13",27,"Fog",19.5,45.33,13.34,1.74,"No Event",0,TRUE
"T01668","Tram","Station_32","Station_14",-4,"Fog",22.64,49.84,13.91,2.58,"No Event",0,FALSE
"T01669","Metro","Station_29","Station_24",14,"Rain",14.87,56.53,16.28,6.98,"Sports",0,TRUE
"T01670","Train","Station_21","Station_34",11,"Fog",25.81,54.29,15.18,1.83,"Concert",0,TRUE
"T01671","Bus","Station_21","Station_44",15,"Rain",25.52,53.09,11.04,6.95,"No Event",0,TRUE
"T01672","Metro","Station_40","Station_26",-8,"Rain",27.72,56.37,29.79,4.02,"No Event",0,FALSE
"T01673","Bus","Station_23","Station_21",18,"Snow",13.18,50.74,8,14.98,"Protest",0,TRUE
"T01674","Bus","Station_6","Station_28",15,"Rain",5.59,55.38,14.36,8.28,"Concert",0,TRUE
"T01675","Bus","Station_22","Station_48",11,"Clear",24,70.13,20.26,1.86,"No Event",0,TRUE
"T01676","Tram","Station_50","Station_36",11,"Clear",23.68,56.58,14.92,1.9,"Concert",0,TRUE
"T01677","Tram","Station_38","Station_40",7,"Clear",20.05,54.28,22.58,1.54,"Protest",0,TRUE
"T01678","Train","Station_37","Station_2",-4,"Clear",25.29,50.6,18.05,2.37,"No Event",0,FALSE
"T01679","Train","Station_45","Station_42",-7,"Cloudy",18.76,44.64,5.3,2.13,"No Event",0,FALSE
"T01680","Metro","Station_8","Station_9",10,"Storm",11.21,59.74,47.63,10.17,"No Event",0,TRUE
"T01681","Train","Station_41","Station_23",17,"Storm",14.87,52.21,46.81,13,"Concert",0,TRUE
"T01682","Bus","Station_49","Station_15",23,"Rain",19.74,NA,25.97,5.24,"Concert",0,TRUE
"T01683","Bus","Station_35","Station_13",22,"Fog",24.53,47.26,9.79,2.01,"Parade",0,TRUE
"T01684","Tram","Station_11","Station_23",12,"Clear",35.17,45.38,0.12,2.42,"No Event",1,TRUE
"T01685","Bus","Station_24","Station_17",52,"Storm",26,54.89,43.66,11.3,"Concert",1,TRUE
"T01686","Metro","Station_49","Station_48",24,"Storm",11.72,58.63,50.43,17.18,"No Event",1,TRUE
"T01687","Bus","Station_21","Station_2",1,"Clear",26.1,53.85,21.91,1.45,"No Event",1,FALSE
"T01688","Bus","Station_2","Station_20",10,"Cloudy",9.1,NA,9.2,1.72,"Concert",0,TRUE
"T01689","Metro","Station_40","Station_20",6,"Cloudy",33.52,55.66,20.09,1.64,"Festival",0,TRUE
"T01690","Train","Station_19","Station_46",10,"Storm",19.3,52.28,45.28,24.57,"No Event",0,TRUE
"T01691","Train","Station_39","Station_3",2,"Cloudy",22.6,45.49,15.78,2.44,"Parade",0,FALSE
"T01692","Metro","Station_28","Station_12",6,"Snow",5.1,51.65,16.91,14.88,"No Event",0,TRUE
"T01693","Tram","Station_17","Station_40",-3,"Clear",24.47,62,8.86,2.33,"No Event",0,FALSE
"T01694","Bus","Station_6","Station_2",46,"Storm",13.55,52.77,48.2,26.03,"No Event",0,TRUE
"T01695","Metro","Station_19","Station_36",-2,"Clear",NA,57.3,19.27,2.08,"Concert",0,FALSE
"T01696","Bus","Station_38","Station_14",-7,"Cloudy",19.72,55.24,11.36,1.58,"No Event",0,FALSE
"T01697","Tram","Station_28","Station_16",1,"Clear",36.68,54.92,9.96,2.29,"No Event",0,FALSE
"T01698","Bus","Station_2","Station_19",11,"Cloudy",18.66,52.58,20.65,1.73,"No Event",0,TRUE
"T01699","Metro","Station_38","Station_34",2,"Cloudy",20.95,50.26,13.93,1.55,"Concert",0,FALSE
"T01700","Bus","Station_37","Station_44",2,"Clear",22.28,55.63,7.98,1.83,"No Event",0,FALSE
"T01701","Train","Station_4","Station_46",-7,"Cloudy",25.14,50.04,12.88,2.1,"No Event",0,FALSE
"T01702","Tram","Station_22","Station_6",18,"Snow",2.55,45.64,2.39,15.08,"Festival",0,TRUE
"T01703","Tram","Station_26","Station_13",22,"Rain",26.3,58.82,14.59,8.6,"Concert",0,TRUE
"T01704","Tram","Station_49","Station_36",-8,"Clear",20.76,61.06,15.85,1.1,"No Event",0,FALSE
"T01705","Metro","Station_43","Station_22",5,"Rain",15.07,51.88,11.95,4.55,"No Event",0,TRUE
"T01706","Tram","Station_36","Station_18",-1,"Clear",21.39,48.44,13.96,NA,"Sports",0,FALSE
"T01707","Train","Station_13","Station_12",1,"Cloudy",17.61,56.24,11.63,1.73,"No Event",0,FALSE
"T01708","Metro","Station_32","Station_30",2,"Cloudy",30.85,54.08,9.81,2.08,"Sports",0,FALSE
"T01709","Train","Station_17","Station_40",15,"Storm",13.81,39.85,31.85,26.74,"No Event",0,TRUE
"T01710","Bus","Station_41","Station_7",26,"Snow",3.4,46.01,13.38,16.22,"No Event",0,TRUE
"T01711","Bus","Station_36","Station_32",8,"Storm",12.83,56.17,39.06,9.38,"No Event",0,TRUE
"T01712","Bus","Station_46","Station_48",4,"Rain",9.16,54.77,12.74,11.23,"Parade",0,FALSE
"T01713","Bus","Station_19","Station_19",-7,"Cloudy",22.73,42.64,9.17,2.17,"Festival",0,FALSE
"T01714","Train","Station_35","Station_6",12,"Storm",9.8,36.53,45.7,25.49,"Festival",0,TRUE
"T01715","Metro","Station_46","Station_20",-5,"Cloudy",22.26,48.79,NA,1.9,"No Event",0,FALSE
"T01716","Metro","Station_40","Station_27",-5,"Clear",25.5,61.15,18.4,1.73,"Protest",0,FALSE
"T01717","Tram","Station_28","Station_43",13,"Storm",9.46,63.9,58.62,18.17,"No Event",0,TRUE
"T01718","Train","Station_1","Station_37",2,"Rain",25.79,52.39,10.8,6.67,"Sports",0,FALSE
"T01719","Bus","Station_42","Station_48",12,"Storm",7.13,55.02,38.53,14.98,"No Event",0,TRUE
"T01720","Train","Station_18","Station_7",3,"Cloudy",23.76,48.31,16.51,1.95,"Sports",0,FALSE
"T01721","Tram","Station_48","Station_5",5,"Fog",22.31,45.75,15.14,1.58,"Festival",0,TRUE
"T01722","Tram","Station_40","Station_11",-8,"Fog",25.99,59.56,11.87,1.83,"No Event",0,FALSE
"T01723","Train","Station_33","Station_15",4,"Snow",-4.3,48.07,24.83,13.93,"No Event",0,FALSE
"T01724","Train","Station_12","Station_3",1,"Cloudy",18.46,53.87,16.17,2.19,"No Event",0,FALSE
"T01725","Train","Station_8","Station_5",6,"Clear",28.96,50.43,8.26,1.8,"No Event",0,TRUE
"T01726","Metro","Station_24","Station_23",13,"Storm",3.57,45.3,38.82,31.96,"No Event",0,TRUE
"T01727","Bus","Station_16","Station_37",16,"Fog",20.94,54.57,18.67,1.91,"Protest",0,TRUE
"T01728","Train","Station_50","Station_9",1,"Clear",26.19,50.16,15.08,1.7,"No Event",0,FALSE
"T01729","Train","Station_4","Station_15",-1,"Cloudy",25,48.77,9.18,2.06,"Concert",0,FALSE
"T01730","Train","Station_38","Station_3",-9,"Clear",NA,62.36,8.54,NA,"No Event",0,FALSE
"T01731","Tram","Station_44","Station_29",1,"Cloudy",NA,56.48,15.01,1.84,"No Event",0,FALSE
"T01732","Tram","Station_27","Station_6",10,"Snow",-2.73,61.45,18.89,12.81,"No Event",0,TRUE
"T01733","Metro","Station_9","Station_17",23,"Storm",12.96,59.14,29.99,27.25,"No Event",0,TRUE
"T01734","Bus","Station_47","Station_26",18,"Clear",16,57.74,12.87,2.38,"Concert",0,TRUE
"T01735","Metro","Station_16","Station_21",9,"Storm",12.84,49.2,49.43,21.59,"No Event",0,TRUE
"T01736","Bus","Station_12","Station_8",-4,"Clear",22.61,47.23,13.03,1.94,"Sports",0,FALSE
"T01737","Tram","Station_31","Station_21",-1,"Cloudy",21.47,NA,16.51,2.1,"No Event",0,FALSE
"T01738","Tram","Station_24","Station_11",3,"Cloudy",29.23,43.64,11.26,1.82,"Parade",0,FALSE
"T01739","Tram","Station_14","Station_38",-3,"Clear",26.75,57.24,14.49,NA,"Protest",0,FALSE
"T01740","Metro","Station_45","Station_8",10,"Snow",-0.989999999999998,49.41,13.64,15.77,"No Event",1,TRUE
"T01741","Train","Station_25","Station_42",-2,"Cloudy",20.21,65.74,NA,1.94,"No Event",1,FALSE
"T01742","Train","Station_34","Station_24",10,"Rain",14.41,57.94,15.9,10.18,"No Event",1,TRUE
"T01743","Tram","Station_3","Station_35",18,"Rain",5.26,52.49,25.9,1.61,"Sports",1,TRUE
"T01744","Train","Station_24","Station_14",4,"Storm",29.97,58.6,38.35,31.36,"No Event",0,FALSE
"T01745","Train","Station_42","Station_14",3,"Rain",19.79,44.78,19.46,8.92,"Sports",0,FALSE
"T01746","Metro","Station_9","Station_10",6,"Rain",28.22,53.29,15.44,11.08,"No Event",0,TRUE
"T01747","Bus","Station_26","Station_12",18,"Snow",9.01,42.59,11.74,12.92,"No Event",0,TRUE
"T01748","Tram","Station_20","Station_38",5,"Snow",8.55,51.35,15.57,13.11,"No Event",0,TRUE
"T01749","Tram","Station_40","Station_44",-1,"Fog",24.09,52.31,20.4,2.01,"No Event",0,FALSE
"T01750","Metro","Station_10","Station_46",8,"Fog",26.65,47.48,8.88,1.65,"Concert",0,TRUE
"T01751","Metro","Station_19","Station_34",9,"Snow",3.95,50.51,12.15,16.25,"No Event",0,TRUE
"T01752","Train","Station_3","Station_41",7,"Fog",27.86,54.09,14.04,1.85,"Festival",0,TRUE
"T01753","Tram","Station_24","Station_10",15,"Snow",11.57,53.43,15.29,15.29,"Sports",0,TRUE
"T01754","Bus","Station_5","Station_17",4,"Fog",23.89,53.5,21.08,1.85,"No Event",0,FALSE
"T01755","Metro","Station_3","Station_17",-2,"Cloudy",21.5,55.19,11.39,1.45,"No Event",0,FALSE
"T01756","Bus","Station_27","Station_3",17,"Snow",2.57,38.42,15.67,13.79,"No Event",0,TRUE
"T01757","Bus","Station_16","Station_31",10,"Storm",9.89,60.26,48.47,23.18,"Sports",0,TRUE
"T01758","Tram","Station_49","Station_1",19,"Storm",21.02,57.4,33.5,23.85,"No Event",0,TRUE
"T01759","Tram","Station_15","Station_12",9,"Snow",4.16,52.33,20.44,14.54,"No Event",0,TRUE
"T01760","Metro","Station_35","Station_39",2,"Rain",22.44,47.39,22.12,5.16,"No Event",0,FALSE
"T01761","Tram","Station_12","Station_4",-2,"Storm",19.33,52.94,49.07,18.13,"No Event",0,FALSE
"T01762","Tram","Station_41","Station_42",10,"Rain",16.1,50.66,18.27,7.46,"Parade",0,TRUE
"T01763","Tram","Station_44","Station_13",35,"Storm",16.22,59.44,46.89,11.13,"Festival",0,TRUE
"T01764","Bus","Station_26","Station_34",9,"Clear",30.29,50.39,18.12,1.83,"No Event",0,TRUE
"T01765","Metro","Station_47","Station_42",1,"Clear",31.55,54.17,21.55,1.98,"Sports",0,FALSE
"T01766","Train","Station_34","Station_21",14,"Snow",7.69,52.93,15.32,15,"Festival",0,TRUE
"T01767","Bus","Station_23","Station_22",7,"Storm",18.5,54.97,33.98,16.88,"No Event",0,TRUE
"T01768","Tram","Station_31","Station_4",0,"Cloudy",7.82,58.81,16.28,NA,"Sports",0,FALSE
"T01769","Bus","Station_50","Station_18",1,"Rain",21.03,50.8,15.24,8.12,"No Event",0,FALSE
"T01770","Tram","Station_20","Station_5",24,"Storm",12.56,57.9,49.8,17.05,"Concert",0,TRUE
"T01771","Tram","Station_12","Station_19",5,"Snow",-1.98,41.67,11.79,14.55,"Concert",0,TRUE
"T01772","Bus","Station_23","Station_2",12,"Rain",20.13,60.67,9.37,4.1,"Parade",0,TRUE
"T01773","Metro","Station_4","Station_12",-5,"Fog",26.06,53.55,15.41,NA,"No Event",0,FALSE
"T01774","Tram","Station_23","Station_17",13,"Snow",17.4,51.33,16.16,15.77,"Sports",0,TRUE
"T01775","Metro","Station_48","Station_10",10,"Storm",19.47,66.08,53.24,14.43,"No Event",0,TRUE
"T01776","Train","Station_48","Station_34",-1,"Cloudy",19.46,48.28,13.04,2.11,"No Event",0,FALSE
"T01777","Tram","Station_1","Station_6",2,"Fog",22.93,40.12,NA,NA,"Parade",0,FALSE
"T01778","Metro","Station_25","Station_8",11,"Snow",4.7,42.74,9.94,14.89,"Sports",0,TRUE
"T01779","Metro","Station_2","Station_11",10,"Storm",10.15,53.9,45.16,29.28,"No Event",0,TRUE
"T01780","Train","Station_30","Station_12",12,"Clear",20.49,49.26,8.86,1.7,"Concert",1,TRUE
"T01781","Metro","Station_3","Station_9",26,"Storm",7.72,58.71,49.29,23.1,"No Event",1,TRUE
"T01782","Metro","Station_21","Station_2",8,"Clear",22.63,58.77,18.47,2.21,"No Event",1,TRUE
"T01783","Train","Station_25","Station_8",14,"Clear",14.14,51.28,17.08,1.77,"Sports",1,TRUE
"T01784","Tram","Station_20","Station_11",0,"Snow",1.94,53.96,6.13,15.54,"No Event",0,FALSE
"T01785","Metro","Station_49","Station_36",12,"Storm",12.41,51.86,47.38,25.86,"No Event",0,TRUE
"T01786","Metro","Station_22","Station_10",22,"Storm",9.32,55.61,34.2,19.17,"Concert",0,TRUE
"T01787","Metro","Station_21","Station_21",-6,"Clear",28.12,53.79,17.12,2.28,"No Event",0,FALSE
"T01788","Bus","Station_33","Station_20",17,"Rain",37.29,52.19,13.91,3.92,"No Event",0,TRUE
"T01789","Train","Station_38","Station_48",2,"Fog",26.73,52.83,22.52,2.09,"No Event",0,FALSE
"T01790","Bus","Station_15","Station_8",2,"Cloudy",22.55,55.99,8.7,1.54,"Festival",0,FALSE
"T01791","Train","Station_46","Station_36",18,"Storm",5.67,50.51,52.6,21.27,"Festival",0,TRUE
"T01792","Tram","Station_15","Station_29",-4,"Fog",27.68,49.98,19.74,1.9,"No Event",0,FALSE
"T01793","Tram","Station_46","Station_42",-5,"Fog",24.59,58.06,12.83,2.03,"No Event",0,FALSE
"T01794","Metro","Station_25","Station_12",8,"Rain",14.17,57.44,23.13,11.32,"Concert",0,TRUE
"T01795","Train","Station_21","Station_14",1,"Fog",22.95,50.52,17.88,NA,"Sports",0,FALSE
"T01796","Tram","Station_24","Station_48",20,"Storm",10.78,63.69,43.61,15.08,"No Event",0,TRUE
"T01797","Train","Station_5","Station_50",4,"Snow",7.86,41.13,10.51,15.17,"No Event",0,FALSE
"T01798","Tram","Station_6","Station_21",18,"Snow",10.41,52.1,15.34,14.03,"Parade",0,TRUE
"T01799","Bus","Station_49","Station_22",-17,"Fog",23.28,46.53,16.11,2.1,"No Event",0,FALSE
"T01800","Tram","Station_43","Station_21",8,"Storm",20.37,49.49,48.49,24.07,"No Event",0,TRUE
"T01801","Bus","Station_48","Station_44",27,"Storm",22.64,49.46,47.25,NA,"Concert",0,TRUE
"T01802","Tram","Station_44","Station_50",5,"Clear",29.42,54.38,22.95,2.17,"No Event",0,TRUE
"T01803","Metro","Station_47","Station_30",-1,"Rain",15.32,41.63,16.23,8.22,"No Event",0,FALSE
"T01804","Bus","Station_23","Station_39",21,"Cloudy",21.46,55.09,14.77,2.04,"Festival",0,TRUE
"T01805","Tram","Station_4","Station_20",-2,"Clear",17.85,45.46,16.43,2.62,"No Event",0,FALSE
"T01806","Metro","Station_27","Station_24",-3,"Cloudy",14.25,47.25,14.11,1.61,"No Event",0,FALSE
"T01807","Bus","Station_18","Station_23",21,"Storm",10.12,50.07,37.86,15.92,"No Event",0,TRUE
"T01808","Metro","Station_21","Station_7",17,"Snow",4.85,47.85,26.17,14.68,"Festival",0,TRUE
"T01809","Train","Station_28","Station_9",-1,"Clear",27.4,53.68,13.17,1.95,"Sports",0,FALSE
"T01810","Train","Station_35","Station_1",4,"Fog",27.43,53.84,17.38,2.22,"No Event",0,FALSE
"T01811","Bus","Station_22","Station_26",7,"Fog",33.24,48.15,6.94,1.86,"Concert",0,TRUE
"T01812","Tram","Station_40","Station_38",-9,"Cloudy",23.18,47.66,14.34,1.88,"No Event",0,FALSE
"T01813","Bus","Station_23","Station_38",13,"Storm",15.97,50.24,49.43,NA,"No Event",0,TRUE
"T01814","Metro","Station_3","Station_44",17,"Snow",5.9,47.15,15.82,NA,"Concert",0,TRUE
"T01815","Tram","Station_40","Station_22",-3,"Cloudy",25.37,48.25,14.77,1.78,"No Event",0,FALSE
"T01816","Train","Station_50","Station_44",12,"Snow",10.26,48.97,16.54,13.85,"Parade",0,TRUE
"T01817","Tram","Station_10","Station_10",17,"Rain",NA,NA,13.77,12,"Concert",0,TRUE
"T01818","Train","Station_25","Station_6",5,"Snow",7.83,47.4,15.37,12.84,"No Event",0,TRUE
"T01819","Tram","Station_49","Station_17",7,"Fog",23.94,49.19,9.95,1.81,"Concert",0,TRUE
"T01820","Tram","Station_8","Station_50",-1,"Clear",25.81,54.7,16.96,2.51,"No Event",0,FALSE
"T01821","Tram","Station_11","Station_38",10,"Clear",20.79,55.38,7.89,2.16,"Concert",0,TRUE
"T01822","Metro","Station_5","Station_24",-5,"Clear",26.4,51.82,6.19,1.98,"No Event",0,FALSE
"T01823","Metro","Station_45","Station_10",9,"Snow",12.29,55.2,11.87,15.7,"No Event",0,TRUE
"T01824","Bus","Station_37","Station_8",2,"Fog",38.65,49.13,17.35,1.95,"Sports",0,FALSE
"T01825","Bus","Station_45","Station_21",22,"Snow",12.31,52.16,22.03,14.63,"Protest",0,TRUE
"T01826","Train","Station_38","Station_6",6,"Storm",17.27,48.14,35.03,10.68,"No Event",0,TRUE
"T01827","Metro","Station_29","Station_21",-1,"Fog",26.74,49.82,19.76,2.28,"No Event",0,FALSE
"T01828","Train","Station_5","Station_39",1,"Fog",21.19,48.03,21.92,1.74,"No Event",0,FALSE
"T01829","Bus","Station_9","Station_24",16,"Snow",18.41,43.67,25.91,15.85,"No Event",0,TRUE
"T01830","Train","Station_48","Station_33",2,"Snow",NA,49.57,25.44,15.04,"No Event",0,FALSE
"T01831","Bus","Station_2","Station_18",17,"Clear",22.93,45,17.53,1.92,"Sports",0,TRUE
"T01832","Metro","Station_1","Station_28",-2,"Fog",17.95,46.41,18.19,2.36,"No Event",0,FALSE
"T01833","Tram","Station_40","Station_32",2,"Clear",18.31,49.33,7.2,2.69,"Festival",0,FALSE
"T01834","Metro","Station_30","Station_12",11,"Storm",9.25,53.56,51.03,24.9,"No Event",0,TRUE
"T01835","Train","Station_11","Station_48",17,"Rain",19.24,52.17,13.92,8.17,"Festival",0,TRUE
"T01836","Train","Station_28","Station_42",4,"Clear",NA,47.86,20.45,2.24,"No Event",1,FALSE
"T01837","Metro","Station_44","Station_27",13,"Snow",-2.37,47.84,11.99,14.03,"Protest",1,TRUE
"T01838","Metro","Station_12","Station_10",-6,"Cloudy",19.92,50.59,12.85,2.07,"No Event",1,FALSE
"T01839","Bus","Station_39","Station_46",23,"Rain",17.03,52.08,19.34,NA,"Sports",1,TRUE
"T01840","Train","Station_26","Station_42",17,"Storm",7.51,48.65,50.52,18.8,"No Event",0,TRUE
"T01841","Train","Station_13","Station_32",6,"Snow",4.89,50.71,20.53,15.53,"No Event",0,TRUE
"T01842","Metro","Station_8","Station_42",-4,"Rain",17.4,55.74,16.54,5.27,"No Event",0,FALSE
"T01843","Tram","Station_28","Station_26",9,"Snow",3.19,56.61,13.46,14.92,"No Event",0,TRUE
"T01844","Train","Station_30","Station_25",6,"Clear",21.67,51.96,6.04,1.89,"Concert",0,TRUE
"T01845","Tram","Station_9","Station_11",15,"Snow",-1.11,41.02,11.21,14.74,"No Event",0,TRUE
"T01846","Metro","Station_39","Station_23",28,"Storm",12.85,56.96,37.66,16.09,"Concert",0,TRUE
"T01847","Metro","Station_31","Station_34",-2,"Cloudy",13.72,40.73,8.44,2.2,"No Event",0,FALSE
"T01848","Bus","Station_21","Station_40",6,"Clear",NA,61.61,5.73,2.23,"No Event",0,TRUE
"T01849","Train","Station_47","Station_23",-3,"Clear",29.12,51.32,18.22,1.79,"Protest",0,FALSE
"T01850","Tram","Station_34","Station_29",16,"Storm",8.99,58.86,46.36,13.85,"Sports",0,TRUE
"T01851","Bus","Station_31","Station_31",31,"Storm",13.76,47.48,54.12,24.25,"No Event",0,TRUE
"T01852","Train","Station_25","Station_7",13,"Rain",21.89,53.49,21.57,2.78,"Concert",0,TRUE
"T01853","Bus","Station_12","Station_40",-8,"Cloudy",17.93,63.13,9.51,NA,"Protest",0,FALSE
"T01854","Metro","Station_1","Station_33",17,"Snow",6.74,49.3,13.09,15.07,"Festival",0,TRUE
"T01855","Train","Station_22","Station_21",0,"Rain",23.98,48.85,14.97,9.07,"No Event",0,FALSE
"T01856","Bus","Station_40","Station_2",31,"Snow",-3.95,57.83,8.92,15.26,"Protest",0,TRUE
"T01857","Bus","Station_37","Station_18",16,"Snow",-1.18,48.37,20.18,13.06,"No Event",0,TRUE
"T01858","Tram","Station_47","Station_47",11,"Snow",10.53,49.88,17.79,15.26,"Sports",0,TRUE
"T01859","Bus","Station_1","Station_33",15,"Rain",16.18,55.88,18.16,6.57,"No Event",0,TRUE
"T01860","Train","Station_1","Station_37",10,"Clear",25.43,56.63,13,1.46,"Concert",0,TRUE
"T01861","Train","Station_42","Station_34",11,"Storm",3.85,51.47,34.85,26.36,"Concert",0,TRUE
"T01862","Tram","Station_42","Station_20",-13,"Clear",25.28,47.9,10.31,2.37,"No Event",0,FALSE
"T01863","Train","Station_21","Station_35",-3,"Cloudy",16.04,51.27,7.71,2.58,"No Event",0,FALSE
"T01864","Metro","Station_15","Station_50",3,"Rain",22.52,48.89,15.15,6.99,"Sports",0,FALSE
"T01865","Train","Station_17","Station_18",-7,"Cloudy",28.84,52.01,NA,2.25,"No Event",0,FALSE
"T01866","Train","Station_22","Station_46",16,"Storm",18.32,48.71,36.69,18.94,"No Event",0,TRUE
"T01867","Bus","Station_38","Station_24",10,"Storm",17.59,50.57,40.21,19.74,"No Event",0,TRUE
"T01868","Bus","Station_35","Station_8",5,"Fog",NA,50.51,22.84,1.54,"Concert",0,TRUE
"T01869","Train","Station_45","Station_30",-2,"Cloudy",18.51,53.41,16.53,1.98,"Protest",0,FALSE
"T01870","Tram","Station_16","Station_44",11,"Clear",21.7,62.41,6.92,1.87,"Sports",0,TRUE
"T01871","Bus","Station_8","Station_10",6,"Cloudy",28.56,48.95,17.63,2.3,"No Event",0,TRUE
"T01872","Tram","Station_47","Station_23",8,"Rain",15.12,51.88,21.82,3.92,"No Event",0,TRUE
"T01873","Train","Station_17","Station_49",5,"Storm",7.9,54.5,35.18,18.14,"No Event",0,TRUE
"T01874","Train","Station_17","Station_11",21,"Storm",10.91,59.72,56.27,19.29,"Parade",0,TRUE
"T01875","Metro","Station_26","Station_2",-1,"Cloudy",27.38,41,16.74,1.58,"No Event",0,FALSE
"T01876","Bus","Station_13","Station_26",25,"Cloudy",27.34,62.62,5.18,1.87,"No Event",1,TRUE
"T01877","Train","Station_17","Station_36",16,"Snow",3.07,47.35,19.57,15.83,"Concert",1,TRUE
"T01878","Metro","Station_38","Station_33",20,"Cloudy",23.37,52.71,26.87,2.28,"Festival",1,TRUE
"T01879","Bus","Station_17","Station_47",28,"Snow",-0.16,56.34,8.24,15.39,"No Event",1,TRUE
"T01880","Train","Station_48","Station_13",12,"Rain",18.92,54.71,14.81,6.89,"No Event",0,TRUE
"T01881","Train","Station_14","Station_40",-6,"Rain",20.75,48.41,13.69,4.38,"No Event",0,FALSE
"T01882","Bus","Station_45","Station_25",-10,"Clear",22.99,58.14,18.27,1.73,"Concert",0,FALSE
"T01883","Bus","Station_6","Station_4",-3,"Cloudy",19.1,56.96,6.42,1.87,"No Event",0,FALSE
"T01884","Bus","Station_35","Station_42",15,"Clear",12.96,51.85,18.14,1.72,"Concert",0,TRUE
"T01885","Train","Station_46","Station_19",-1,"Fog",19.39,46.07,24.05,2.15,"No Event",0,FALSE
"T01886","Train","Station_14","Station_18",-2,"Rain",20.43,55.44,21.79,4.57,"Protest",0,FALSE
"T01887","Metro","Station_47","Station_37",9,"Storm",4.28,55,35.81,30.07,"No Event",0,TRUE
"T01888","Tram","Station_8","Station_30",8,"Snow",15.15,45.85,6.74,17.52,"No Event",0,TRUE
"T01889","Bus","Station_15","Station_19",-4,"Fog",30.2,50.73,5.12,1.89,"Sports",0,FALSE
"T01890","Train","Station_27","Station_23",20,"Storm",-3.18,42.63,62.38,15.07,"Sports",0,TRUE
"T01891","Train","Station_13","Station_16",0,"Fog",21.75,59.73,14.19,2.01,"Sports",0,FALSE
"T01892","Bus","Station_49","Station_1",-1,"Clear",13.53,54.48,NA,2.1,"Sports",0,FALSE
"T01893","Tram","Station_31","Station_12",3,"Clear",27.15,56.57,10.17,1.54,"No Event",0,FALSE
"T01894","Bus","Station_35","Station_24",24,"Snow",3.15,51.62,16.66,15.76,"No Event",0,TRUE
"T01895","Tram","Station_6","Station_34",3,"Rain",21.18,56.8,16.86,14.3,"No Event",0,FALSE
"T01896","Train","Station_5","Station_8",16,"Snow",-3.41,45.17,11.53,15.04,"Festival",0,TRUE
"T01897","Tram","Station_22","Station_18",12,"Storm",18.34,51.46,40.23,26.32,"No Event",0,TRUE
"T01898","Metro","Station_49","Station_48",-2,"Fog",16.26,53.33,15.53,2.07,"No Event",0,FALSE
"T01899","Train","Station_23","Station_5",3,"Snow",12.13,NA,17.41,14.99,"No Event",0,FALSE
"T01900","Metro","Station_25","Station_26",6,"Cloudy",24.47,56.47,18.79,1.72,"Festival",0,TRUE
"T01901","Bus","Station_34","Station_30",-5,"Cloudy",23.04,53.67,7.62,2.08,"Protest",0,FALSE
"T01902","Bus","Station_26","Station_13",37,"Rain",24.23,58.93,14.41,11.09,"Festival",0,TRUE
"T01903","Bus","Station_47","Station_19",11,"Snow",-1.87,47.42,20.11,15.81,"No Event",0,TRUE
"T01904","Tram","Station_5","Station_29",23,"Storm",8.01,50.53,30.21,12.7,"Concert",0,TRUE
"T01905","Train","Station_26","Station_3",-3,"Cloudy",18.65,55.76,15.54,2.23,"No Event",0,FALSE
"T01906","Bus","Station_20","Station_26",11,"Rain",9.67,52.35,15.63,13.38,"No Event",0,TRUE
"T01907","Bus","Station_6","Station_40",1,"Snow",-6.66,54.51,16.16,15.32,"No Event",0,FALSE
"T01908","Train","Station_6","Station_12",0,"Rain",24.36,45.66,16.72,11.55,"No Event",0,FALSE
"T01909","Bus","Station_50","Station_2",31,"Storm",12.59,53.57,NA,25.87,"Concert",0,TRUE
"T01910","Metro","Station_18","Station_11",1,"Cloudy",NA,59.06,11.31,2.2,"Festival",0,FALSE
"T01911","Train","Station_4","Station_44",-9,"Cloudy",16.32,54.17,11.49,1.76,"No Event",0,FALSE
"T01912","Train","Station_17","Station_28",3,"Cloudy",23.27,48.41,21.19,2.13,"Festival",0,FALSE
"T01913","Train","Station_14","Station_18",-5,"Clear",26.94,43.69,16.61,2.42,"No Event",0,FALSE
"T01914","Metro","Station_14","Station_13",18,"Cloudy",25.69,47,10.55,1.87,"No Event",0,TRUE
"T01915","Train","Station_13","Station_37",2,"Fog",19.93,55.58,13.66,NA,"No Event",0,FALSE
"T01916","Metro","Station_7","Station_22",0,"Clear",27.74,47.29,12.8,2.55,"No Event",0,FALSE
"T01917","Train","Station_44","Station_12",1,"Snow",8.11,55.14,20.54,14.94,"No Event",0,FALSE
"T01918","Tram","Station_15","Station_2",6,"Clear",22.51,55.76,12.87,1.72,"Concert",0,TRUE
"T01919","Bus","Station_19","Station_37",14,"Clear",23.44,47.14,17.19,2.41,"Sports",0,TRUE
"T01920","Tram","Station_43","Station_7",-5,"Clear",18.83,54.9,14.24,1.91,"Protest",0,FALSE
"T01921","Bus","Station_47","Station_26",15,"Rain",21.85,46.12,12.87,7.47,"No Event",0,TRUE
"T01922","Metro","Station_44","Station_26",4,"Fog",30.12,45.65,19.71,2.1,"Sports",0,FALSE
"T01923","Tram","Station_35","Station_24",25,"Storm",NA,53.46,35.87,32.01,"Concert",0,TRUE
"T01924","Train","Station_17","Station_12",1,"Cloudy",17.38,47.23,12.26,2.12,"Parade",0,FALSE
"T01925","Bus","Station_35","Station_16",-3,"Clear",27.03,53.73,NA,2.22,"No Event",0,FALSE
"T01926","Bus","Station_19","Station_23",15,"Storm",8.52,41.74,45.69,19.87,"Parade",0,TRUE
"T01927","Tram","Station_20","Station_40",15,"Rain",30.27,52.76,13.63,0.89,"Sports",0,TRUE
"T01928","Metro","Station_36","Station_9",20,"Storm",6.26,53.64,57.93,18.6,"Sports",0,TRUE
"T01929","Tram","Station_35","Station_32",-2,"Clear",35.55,45.55,19.26,2.64,"No Event",0,FALSE
"T01930","Metro","Station_32","Station_15",6,"Snow",14.36,43,9.17,18.16,"No Event",0,TRUE
"T01931","Metro","Station_48","Station_37",-4,"Fog",21.73,63.05,11.53,2.31,"No Event",0,FALSE
"T01932","Bus","Station_44","Station_13",46,"Storm",4.32,NA,50.45,10.69,"No Event",1,TRUE
"T01933","Tram","Station_40","Station_5",3,"Clear",32.13,55.32,13.09,1.54,"No Event",1,FALSE
"T01934","Tram","Station_24","Station_11",15,"Clear",26.62,52.71,13.89,2.48,"Parade",1,TRUE
"T01935","Metro","Station_17","Station_10",2,"Cloudy",NA,57.81,13.81,2.46,"No Event",1,FALSE
"T01936","Tram","Station_7","Station_13",17,"Snow",-7.96,44.34,2.68,15.32,"No Event",0,TRUE
"T01937","Train","Station_43","Station_41",-4,"Cloudy",12.76,56.9,21.55,1.91,"No Event",0,FALSE
"T01938","Train","Station_50","Station_46",3,"Snow",9.09,NA,11.48,15.46,"No Event",0,FALSE
"T01939","Tram","Station_1","Station_50",-2,"Fog",21.4,48.86,14.11,2.54,"No Event",0,FALSE
"T01940","Tram","Station_35","Station_15",-6,"Cloudy",27.01,54.65,18.12,1.98,"No Event",0,FALSE
"T01941","Metro","Station_32","Station_42",-9,"Fog",23.74,58.63,15.18,1.9,"No Event",0,FALSE
"T01942","Train","Station_36","Station_7",6,"Rain",18.63,57.95,16.56,NA,"Sports",0,TRUE
"T01943","Train","Station_13","Station_40",2,"Rain",27.42,42.01,17.65,1.93,"No Event",0,FALSE
"T01944","Bus","Station_6","Station_28",23,"Snow",7.78,56.82,16.3,14.1,"Festival",0,TRUE
"T01945","Metro","Station_14","Station_32",17,"Snow",11.32,56.19,19.36,14.06,"Parade",0,TRUE
"T01946","Bus","Station_37","Station_35",14,"Cloudy",22.63,58.8,16.27,1.68,"No Event",0,TRUE
"T01947","Train","Station_48","Station_15",-3,"Rain",16.01,52.99,16.53,NA,"Protest",0,FALSE
"T01948","Metro","Station_15","Station_48",9,"Storm",16.76,45.45,42.51,34.14,"No Event",0,TRUE
"T01949","Tram","Station_47","Station_36",15,"Storm",15.47,50.78,43.23,12.85,"No Event",0,TRUE
"T01950","Metro","Station_4","Station_21",13,"Storm",10.73,50.2,48.06,15.98,"No Event",0,TRUE
"T01951","Tram","Station_40","Station_6",-6,"Rain",24.77,48.75,6.01,8.84,"No Event",0,FALSE
"T01952","Tram","Station_16","Station_1",19,"Storm",17.88,53.05,49.08,22.03,"Parade",0,TRUE
"T01953","Metro","Station_28","Station_4",-8,"Fog",34.7,54.92,15.41,1.96,"No Event",0,FALSE
"T01954","Tram","Station_16","Station_11",-2,"Clear",19.88,52.54,18.9,1.37,"No Event",0,FALSE
"T01955","Bus","Station_4","Station_44",8,"Snow",7.73,53.12,17.84,16.17,"No Event",0,TRUE
"T01956","Train","Station_45","Station_26",-2,"Cloudy",20.32,58.79,5.07,2.47,"No Event",0,FALSE
"T01957","Tram","Station_26","Station_37",0,"Fog",24.07,43.49,25.2,1.63,"Festival",0,FALSE
"T01958","Bus","Station_28","Station_23",12,"Storm",17.63,49.66,NA,16.71,"No Event",0,TRUE
"T01959","Tram","Station_32","Station_29",-3,"Clear",24.2,55.27,9.95,1.71,"No Event",0,FALSE
"T01960","Train","Station_45","Station_21",-1,"Cloudy",17.35,NA,13.2,1.78,"No Event",0,FALSE
"T01961","Bus","Station_2","Station_48",-10,"Fog",21.82,57.7,26.08,2.1,"No Event",0,FALSE
"T01962","Train","Station_31","Station_45",-9,"Cloudy",18.28,55.2,8.39,2.23,"No Event",0,FALSE
"T01963","Train","Station_3","Station_45",8,"Snow",2.82,55.85,21.29,13.99,"No Event",0,TRUE
"T01964","Bus","Station_8","Station_49",18,"Rain",16.2,48.31,9.04,7.72,"No Event",0,TRUE
"T01965","Bus","Station_24","Station_27",19,"Storm",5.09,60.23,40.2,21.73,"Protest",0,TRUE
"T01966","Bus","Station_15","Station_39",8,"Fog",15.77,53.09,12.96,2.16,"No Event",0,TRUE
"T01967","Metro","Station_43","Station_40",0,"Fog",24.85,52.52,10.06,1.96,"Protest",0,FALSE
"T01968","Bus","Station_31","Station_13",29,"Clear",20.49,63.58,13.89,1.9,"Parade",0,TRUE
"T01969","Bus","Station_9","Station_23",23,"Clear",20.95,59.82,18.06,1.8,"Festival",0,TRUE
"T01970","Bus","Station_39","Station_16",-12,"Clear",27.88,43.13,10.34,3.02,"No Event",0,FALSE
"T01971","Bus","Station_45","Station_30",8,"Cloudy",25.79,53.2,21.86,1.96,"Festival",0,TRUE
"T01972","Tram","Station_2","Station_4",35,"Storm",8.98,56.29,32.97,21.57,"Sports",1,TRUE
"T01973","Metro","Station_8","Station_40",5,"Cloudy",24.05,51.3,11.11,2.03,"Sports",1,TRUE
"T01974","Train","Station_7","Station_16",17,"Storm",13.88,57.35,37.05,29.81,"No Event",1,TRUE
"T01975","Bus","Station_44","Station_31",3,"Fog",21.26,50.97,16.48,1.83,"No Event",1,FALSE
"T01976","Tram","Station_39","Station_42",5,"Cloudy",25.84,52.77,15.04,2.07,"Parade",0,TRUE
"T01977","Tram","Station_42","Station_25",-4,"Cloudy",19.05,55.98,23.33,1.62,"No Event",0,FALSE
"T01978","Tram","Station_16","Station_44",5,"Cloudy",26.26,50.79,13.3,2.08,"No Event",0,TRUE
"T01979","Train","Station_35","Station_12",5,"Rain",12.25,55.07,10.54,1.82,"No Event",0,TRUE
"T01980","Bus","Station_30","Station_26",13,"Snow",9.03,44.49,12.54,15.97,"Festival",0,TRUE
"T01981","Metro","Station_10","Station_37",14,"Storm",9.4,50.84,49.75,29.02,"No Event",0,TRUE
"T01982","Metro","Station_38","Station_48",29,"Storm",22.32,58.21,48.64,32.72,"Festival",0,TRUE
"T01983","Tram","Station_18","Station_33",-4,"Cloudy",21.11,47.68,22.47,2.2,"No Event",0,FALSE
"T01984","Train","Station_50","Station_28",-1,"Rain",19.29,52.53,12.67,-4.26,"No Event",0,FALSE
"T01985","Train","Station_5","Station_9",-3,"Cloudy",25.5,54.03,9.37,1.98,"No Event",0,FALSE
"T01986","Train","Station_29","Station_12",21,"Storm",4.44,49.87,50.35,32.31,"Concert",0,TRUE
"T01987","Metro","Station_39","Station_5",6,"Snow",-5.3,41.6,17.38,14.01,"No Event",0,TRUE
"T01988","Tram","Station_34","Station_28",5,"Snow",-3.55,46.5,23.07,16.4,"No Event",0,TRUE
"T01989","Bus","Station_43","Station_35",-6,"Fog",23.04,44.15,20.43,2.24,"No Event",0,FALSE
"T01990","Metro","Station_45","Station_5",7,"Rain",21.32,48.69,7.67,5.75,"No Event",0,TRUE
"T01991","Tram","Station_23","Station_34",14,"Snow",0.0799999999999983,49.18,12.24,14.66,"Concert",0,TRUE
"T01992","Tram","Station_5","Station_46",-1,"Rain",18.29,49.39,19.23,9.27,"No Event",0,FALSE
"T01993","Bus","Station_30","Station_34",4,"Cloudy",19.25,58.42,23.2,2.12,"No Event",0,FALSE
"T01994","Bus","Station_6","Station_13",19,"Fog",25.09,58.81,5.38,2.43,"No Event",0,TRUE
"T01995","Bus","Station_46","Station_39",22,"Storm",14.57,54.54,37.66,30.31,"No Event",0,TRUE
"T01996","Train","Station_44","Station_42",14,"Snow",4.16,45.23,14.42,15.09,"Festival",0,TRUE
"T01997","Bus","Station_4","Station_45",-5,"Snow",9.73,50.58,7.95,16,"No Event",0,FALSE
"T01998","Tram","Station_29","Station_48",-4,"Clear",30.32,48.25,21.22,2.1,"No Event",0,FALSE
"T01999","Bus","Station_23","Station_14",-5,"Storm",8.33,58.18,35.38,23.85,"No Event",0,FALSE
